table,column,rows,filled,fill_pct,declared_gap,source
families.csv,family,132,131,99.2,1 formula carries no taxonomy,FORMULA_COMBOS[*].family (formula level — authoritative)
families.csv,subfamily,132,131,99.2,1 formula carries no taxonomy,FORMULA_COMBOS[*].subfamily
families.csv,n_formulas,132,132,100.0,,derived: count
families.csv,n_combos,132,132,100.0,,derived: count
formulas.csv,formula_id,357,357,100.0,,FORMULA_COMBOS key
formulas.csv,name,357,357,100.0,,.name
formulas.csv,full_name,357,17,4.8,only the 17 flat-shape records carry it,.full — only present on the 17 flat-shape records
formulas.csv,family,357,356,99.7,1 formula carries no taxonomy,.family
formulas.csv,subfamily,357,356,99.7,1 formula carries no taxonomy,.subfamily
formulas.csv,record_shape,357,357,100.0,,derived: combo | flat | partial
formulas.csv,n_combos,357,357,100.0,,derived
formulas.csv,regions,357,357,100.0,1 formula has a combo with no region,derived from combos
formulas.csv,forms,357,340,95.2,the 17 flat-shape records state no form,derived from combos (.form)
formulas.csv,margin_pct_min,357,340,95.2,the 17 flat-shape records state no margin,"derived from combos (.margin, normalised)"
formulas.csv,margin_pct_max,357,340,95.2,the 17 flat-shape records state no margin,"derived from combos (.margin, normalised)"
formulas.csv,cas_number,357,175,49.0,CAS_LOOKUP does not cover every formula,CAS_LOOKUP[formula_id]
formulas.csv,has_synthesis_route,357,357,100.0,,SYNTHESIS_ROUTES[formula_id] present
formulas.csv,functionality_tags,357,340,95.2,FUNCTIONALITY_TAGS does not cover every formula,FUNCTIONALITY_TAGS[formula_id]
combos.csv,combo_id,1079,1079,100.0,,".combos[].id (synthesised as ""<formula_id>"" for flat records)"
combos.csv,formula_id,1079,1079,100.0,,parent key
combos.csv,region,1079,1079,100.0,,".region (""GL"" assumed for flat records — see assumed_region)"
combos.csv,assumed_region,1079,1079,100.0,,derived: true when the source stated no region
combos.csv,form,1079,1062,98.4,the 17 flat-shape records state no form,.form
combos.csv,variant,1079,4,0.4,only 4 combos are a graded variant of another; the rest have none,".variant — a grade of the same product in the same region (e.g. bentonite activated vs natural). Only 4 combos have one, and for those it is the only thing that tells the two rows apart, so do not key on formula+region."
combos.csv,margin_pct,1079,1062,98.4,the 17 flat-shape records state no margin,.margin normalised to percent
combos.csv,margin_raw,1079,1062,98.4,the 17 flat-shape records state no margin,.margin as the source stored it
combos.csv,margin_encoding,1079,1079,100.0,always set,derived: fraction | percent | absent
combos.csv,volatile,1079,1062,98.4,the 17 flat-shape records state no volatility flag,.volatile
combos.csv,family,1079,1078,99.9,1 formula carries no taxonomy at either level,".family, falling back to the formula record"
combos.csv,subfamily,1079,1078,99.9,1 formula carries no taxonomy at either level,".subfamily, falling back to the formula record"
combos.csv,taxonomy_source,1079,1078,99.9,1 formula carries no taxonomy at either level,derived: combo | formula (which level supplied family/subfamily)
combos.csv,n_lines,1079,1079,100.0,,derived
combos.csv,weight_total,1079,1079,100.0,,derived: sum of line weights (should be 100)
combos.csv,w_direct,1079,1079,100.0,,derived: weight of flag d
combos.csv,w_proxy,1079,1079,100.0,,derived: weight of flag p
combos.csv,w_unclassified,1079,1079,100.0,,"derived: weight of flags feedstock/idx (indexed, direct-vs-proxy not stated)"
combos.csv,w_fixed,1079,1079,100.0,,derived: weight of flags f/fixed
combos.csv,indexed_pct,1079,1078,99.9,1 combo has no cost lines,derived: (w_direct+w_proxy+w_unclassified) / weight_total
combos.csv,priceable_pct,1079,1078,99.9,1 combo has no cost lines,derived: share of TOTAL weight whose index resolves to a feed WITH a price series
combos.csv,indexed_priceable_pct,1079,1078,99.9,1 combo has no cost lines,"derived: share of INDEXED weight that is priceable — 100% means this combo can be costed today; below that, some inputs have no series"
combos.csv,coverage_tier,1079,1078,99.9,1 combo has no cost lines,"derived: P1 all-direct | P2 some proxy | P3 proxy-heavy (>=50% of indexed weight), computed on indexed weight only"
combos.csv,loadable,1079,1079,100.0,,"derived: true when the combo has lines, a family, and 100% priceable indexed weight"
combos.csv,db_region,1079,0,0.0,"the ""Decide — regions"" sheet — blank until someone fills it in",decision: decisions/region_basis.csv — the region name the database uses
combos.csv,basis_currency,1079,0,0.0,"the ""Decide — regions"" sheet — blank until someone fills it in",decision: decisions/region_basis.csv
combos.csv,basis_incoterm,1079,0,0.0,"the ""Decide — regions"" sheet — blank until someone fills it in",decision: decisions/region_basis.csv — fills FormulaVersion.incoterm
combos.csv,basis_named_place,1079,0,0.0,"the ""Decide — regions"" sheet — blank until someone fills it in",decision: decisions/region_basis.csv — fills FormulaVersion.named_place
combo_lines.csv,combo_id,5747,5747,100.0,,parent
combo_lines.csv,formula_id,5747,5747,100.0,,parent
combo_lines.csv,region,5747,5747,100.0,,parent
combo_lines.csv,seq,5747,5747,100.0,,derived: position in .lines
combo_lines.csv,weight_pct,5747,5747,100.0,,line[0] as the source stores it (0-100)
combo_lines.csv,weight_frac,5747,5747,100.0,,"derived: weight_pct/100 (matches FormulaComponent.weight Numeric(6,4))"
combo_lines.csv,label,5747,5747,100.0,,line[1]
combo_lines.csv,type_code,5747,5747,100.0,,line[2]
combo_lines.csv,raw_flag,5747,5747,100.0,,line[3] verbatim
combo_lines.csv,kind,5747,5747,100.0,,derived from raw_flag: indexed | fixed
combo_lines.csv,proxy_status,5747,4430,77.1,blank on fixed-cost lines by definition,derived from raw_flag: direct | proxy | unclassified
combo_lines.csv,resolves_to,5747,4405,76.6,blank on fixed-cost lines; also blank where the feed has no price series,"FCOVERED[type_code], or the type_code itself when it is already a feed slug"
combo_lines.csv,resolution,5747,5747,100.0,,derived: see _issues.csv — resolved | ambiguous | no_series | no_feed | unmapped | fixed
combo_lines.csv,label_short,5747,5747,100.0,,derived: label truncated to 64 chars to fit FormulaComponent.label String(64). The full text stays in label.
combo_lines.csv,commodity_key,5747,4154,72.3,blank on fixed-cost lines and on lines whose feed has no price series,"derived: resolves_to, validated against index_commodities.csv. Blank on fixed lines — FormulaComponent.commodity_id is nullable."
type_codes.csv,type_code,191,191,100.0,,line[2] values
type_codes.csv,label,191,191,100.0,,most common line[1] seen with this code
type_codes.csv,resolves_to,191,188,98.4,blank where the code maps to nothing at all,FCOVERED[type_code]
type_codes.csv,resolution,191,191,100.0,,derived
type_codes.csv,proxy_status,191,191,100.0,blank where every line using the code is fixed,derived: majority proxy_status of its lines
type_codes.csv,swap_priority,191,109,57.1,the registry only ranks proxies; direct codes have none,PROXY_SWAP_REGISTRY.md section A/B/C
type_codes.csv,ideal_index,191,36,18.8,registry section A only,PROXY_SWAP_REGISTRY.md — what we would rather have
type_codes.csv,registry_note,191,109,57.1,proxies only,PROXY_SWAP_REGISTRY.md
type_codes.csv,n_formulas,191,191,100.0,,derived
type_codes.csv,n_lines,191,191,100.0,,derived
type_codes.csv,total_weight,191,191,100.0,,derived
index_commodities.csv,commodity_key,121,121,100.0,,the series key (INDEXES[slug].regKeys[region])
index_commodities.csv,display_name,121,91,75.2,stub rows have no card and therefore no name,INDEXES[slug].name for the first card reading this series
index_commodities.csv,source_region,121,91,75.2,stub rows have no card and therefore no region,"the region the card states — note ""multi"" means no single region"
index_commodities.csv,n_cards,121,121,100.0,,derived: how many index cards read this series
index_commodities.csv,card_slugs,121,121,100.0,,derived: which ones
index_commodities.csv,has_series,121,121,100.0,,derived: whether a price history exists
index_commodities.csv,n_actual_points,121,121,100.0,,derived from IDX
index_commodities.csv,n_forecast_points,121,121,100.0,,derived from FORE
index_commodities.csv,agency,121,96,79.3,INDEX_SOURCE_META covers 80 of the series,INDEX_SOURCE_META[key].agency
index_commodities.csv,label_unit,121,21,17.4,evidence only — 21 region labels spell out a unit,"unit parsed out of the region label — evidence, not the answer"
index_commodities.csv,label_incoterm,121,11,9.1,evidence only — 11 region labels name an Incoterm,"Incoterm parsed out of the region label — evidence, not the answer"
index_commodities.csv,label_named_place,121,11,9.1,evidence only — travels with label_incoterm,"named place parsed out of the region label — evidence, not the answer"
index_commodities.csv,unit,121,21,17.4,"the ""Decide — price series"" sheet (21 pre-filled from region labels)",decision: decisions/index_basis.csv (pre-filled from label_unit)
index_commodities.csv,currency,121,0,0.0,"the ""Decide — price series"" sheet — no source in either mockup",decision: decisions/index_basis.csv
index_commodities.csv,category,121,0,0.0,"the ""Decide — price series"" sheet — no short token in the source",decision: decisions/index_basis.csv — a short token; INDEXES.cat is a display subtitle and will not fit CommodityIndex.category String(32)
index_commodities.csv,source_url,121,0,0.0,"the ""Decide — price series"" sheet — no URL in either mockup",decision: decisions/index_basis.csv — no URL exists in either mockup
index_commodities.csv,quoted_incoterm,121,11,9.1,"the ""Decide — price series"" sheet (11 pre-filled)",decision: decisions/index_basis.csv (pre-filled from label_incoterm)
index_commodities.csv,quoted_named_place,121,11,9.1,"the ""Decide — price series"" sheet (11 pre-filled)",decision: decisions/index_basis.csv (pre-filled from label_named_place)
index_commodities.csv,value_kind,121,121,100.0,,"constant: index_level — base 100 = Jan 2023, NOT a currency price"
index_feeds.csv,feed_key,132,132,100.0,,"derived: ""<feed_slug>|<region>"" — the unique key for this table"
index_feeds.csv,feed_slug,132,132,100.0,,INDEXES key
index_feeds.csv,region,132,102,77.3,the 30 stub rows have no card and therefore no region,"regKeys key, else INDEXES[slug].region"
index_feeds.csv,series_key,132,132,100.0,,INDEXES[slug].regKeys[region] — which price series this card reads
index_feeds.csv,shares_series_with,132,17,12.9,only the cards that share a series with another card,derived: other feed_slugs reading the same series (i.e. this card is a proxy view)
index_feeds.csv,name,132,102,77.3,stub rows have no card,.name (per-region override from ._regional when present)
index_feeds.csv,region_label,132,102,77.3,stub rows have no card and therefore no label,.regLabels[region]
index_feeds.csv,unit,132,21,15.9,"only the region labels that spell one out (e.g. ""$/mt"")","parsed out of .regLabels[region] — e.g. ""$/mt"". Fills CommodityIndex.unit for the feeds whose label states one; blank where the label does not."
index_feeds.csv,incoterm,132,11,8.3,"only the region labels naming an Incoterm (e.g. ""FOB US Gulf"")",parsed out of .regLabels[region] — fills CommodityIndex.quoted_incoterm
index_feeds.csv,named_place,132,11,8.3,travels with incoterm,parsed out of .regLabels[region] — fills CommodityIndex.quoted_named_place
index_feeds.csv,source_note,132,77,58.3,only labels with a trailing parenthetical,the parenthetical in .regLabels[region] — the publishing agency / series id
index_feeds.csv,category,132,102,77.3,stub rows have no card,.cat
index_feeds.csv,access,132,102,77.3,stub rows have no card,.access — Free | Proxy | Subscription
index_feeds.csv,frequency,132,102,77.3,stub rows have no card,.freq
index_feeds.csv,is_default_region,132,132,100.0,,.defaultRegs contains region
index_feeds.csv,agency,132,107,81.1,INDEX_SOURCE_META covers 80 of the series,INDEX_SOURCE_META[series_key].agency
index_feeds.csv,source_freq,132,107,81.1,INDEX_SOURCE_META covers 80 of the series,INDEX_SOURCE_META[series_key].freq
index_feeds.csv,sourcing_note,132,35,26.5,INDEX_SOURCE_META.proxy is null for non-proxy feeds by design,INDEX_SOURCE_META[series_key].proxy — only populated for proxy feeds
index_feeds.csv,used_in_formulas,132,102,77.3,stub rows have no card,.usedIn
index_feeds.csv,current_value,132,90,68.2,"stub rows, plus 5 cards the mockup left blank",".currentVal — INDEX LEVEL, base 100 = Jan 2023, not a currency price"
index_feeds.csv,change_pct,132,87,65.9,"stub rows, plus the cards with no intel block",.change
index_feeds.csv,volatility_pct,132,52,39.4,only the 38 feeds with the full intel block,.volPct — only on the 38 feeds with the full intel block
index_feeds.csv,cycle_pct,132,52,39.4,only the 38 feeds with the full intel block,.cyclePos.pct — same 38
index_feeds.csv,card_status,132,132,100.0,,"derived: full (rich intel block) | basic (card, no intel) | stub (no card at all — referenced by FCOVERED or FORE only)"
index_feeds.csv,has_intel_block,132,132,100.0,,derived: whether the mockup authored the rich card for this feed
index_feeds.csv,n_series_points,132,132,100.0,,derived from IDX
index_feeds.csv,n_forecast_points,132,132,100.0,,derived from FORE
index_series.csv,series_key,4548,4548,100.0,,IDX / FORE key
index_series.csv,year,4548,4548,100.0,,"derived from position (IDX starts Jan 2023, FORE starts Jul 2026)"
index_series.csv,month,4548,4548,100.0,,derived from position
index_series.csv,quarter,4548,4548,100.0,,derived from month
index_series.csv,value,4548,4548,100.0,,IDX[key][i] / FORE[key][i] — INDEX LEVEL (base 100 = Jan 2023)
index_series.csv,kind,4548,4548,100.0,,actual | forecast
index_series_quarterly.csv,series_key,1516,1516,100.0,,as above
index_series_quarterly.csv,year,1516,1516,100.0,,as above
index_series_quarterly.csv,quarter,1516,1516,100.0,,as above
index_series_quarterly.csv,value,1516,1516,100.0,,derived: mean of that quarter's monthly index levels
index_series_quarterly.csv,n_months,1516,1516,100.0,,derived
index_series_quarterly.csv,kind,1516,1516,100.0,,actual | forecast
index_values.csv,commodity_key,1274,1274,100.0,,index_commodities.commodity_key
index_values.csv,year,1274,1274,100.0,,derived
index_values.csv,quarter,1274,1274,100.0,,derived
index_values.csv,value,1274,1274,100.0,,derived: mean of that quarter's monthly index levels
index_values.csv,n_months,1274,1274,100.0,,derived: how many months went into the mean
index_values.csv,source,1274,1274,100.0,,constant: mockup
index_forecasts.csv,commodity_key,242,242,100.0,,index_commodities.commodity_key
index_forecasts.csv,year,242,242,100.0,,derived
index_forecasts.csv,quarter,242,242,100.0,,derived
index_forecasts.csv,value,242,242,100.0,,derived: mean of that quarter's monthly forecast levels
index_forecasts.csv,n_months,242,242,100.0,,derived
index_forecasts.csv,source,242,242,100.0,,constant: mockup-forecast
