formula_id,name,full_name,family,subfamily,record_shape,n_combos,regions,forms,margin_pct_min,margin_pct_max,cas_number,has_synthesis_route,functionality_tags
OLE-FAC-SAT,Fatty acids saturated C16/C18,,Oleochemicals,Fatty acids & derivatives,combo,6,"APAC,CN,EU,IN,MEA,NA",Liquid/flake,9.0,9.0,,True,Base chemical / feedstock
FA-US,Fatty acids unsaturated oleic C18:1,,Oleochemicals,Fatty acids & derivatives,combo,4,"APAC,CN,EU,IN",Liquid,11.0,11.0,112-80-1,True,Base chemical / feedstock
OLE-FAL-CPO,Fatty alcohol C16–C18 long cut,,Oleochemicals,Fatty alcohols,combo,6,"APAC,CN,EU,IN,MEA,NA",Liquid,11.0,11.0,,True,Base chemical / feedstock
OLE-FAL-PKO,Fatty alcohol C12–C14 mid cut,,Oleochemicals,Fatty alcohols,combo,6,"APAC,CN,EU,IN,MEA,NA",Liquid,9.0,9.0,112-53-8,True,Base chemical / feedstock
OLE-FAL-C20,Fatty alcohol C20–C22 behenyl very long cut,,Oleochemicals,Fatty alcohols,combo,3,"APAC,CN,EU",Flake,15.0,15.0,661-19-8,True,Base chemical / feedstock
OLE-GLY-CRD,Glycerine crude 80%,,Oleochemicals,Glycerine,combo,5,"APAC,CN,EU,IN,NA",Liquid,4.0,4.0,56-81-5,True,Emulsification
OLE-GLY-REF,Glycerine refined 99.5% USP,,Oleochemicals,Glycerine,combo,3,"CN,EU,IN",Liquid,8.0,8.0,56-81-5,True,Emulsification
FOD-LEC-LIQ,Lecithin liquid soy,,Oleochemicals,Lecithins & phospholipids,combo,3,"APAC,EU,NA",Liquid,16.0,16.0,,True,Emulsification
FOD-LEC-PWD,Lecithin de-oiled powder,,Oleochemicals,Lecithins & phospholipids,combo,2,"EU,NA",Powder,17.0,17.0,,True,Emulsification
OLE-ME-FAME,Methyl esters FAME,,Oleochemicals,Oleochemical esters,combo,3,"APAC,EU,LA",Liquid,6.0,6.0,,True,Emulsification
FOD-RBD-LIQ,RBD palm oil liquid,,Oleochemicals,Vegetable oil feedstocks,combo,3,"APAC,IN,MEA",Liquid,6.0,6.0,,True,Base chemical / feedstock
SUR-CAPB-LIQ,CAPB 30-35% cocamidopropyl betaine,,Surfactants,Amphoteric surfactants,combo,4,"APAC,CN,EU,NA",Liquid,14.0,14.0,,True,"Surfactancy / primary cleaning,Conditioning & softening"
SUR-LABS-ACD,LABS acid paste LABSA 96%,,Surfactants,Anionic LABS chain,combo,7,"APAC,CN,EU,IN,LA,MEA,NA",Liquid,5.0,5.0,,True,Surfactancy / primary cleaning
SUR-LABS-PWD,LABS dry powder 90%,,Surfactants,Anionic LABS chain,combo,4,"APAC,CN,EU,NA",Powder,8.0,8.0,,True,Surfactancy / primary cleaning
SUR-LABS-S30,LABS 30% solution,,Surfactants,Anionic LABS chain,combo,7,"APAC,CN,EU,IN,LA,MEA,NA",Liquid,7.0,7.0,,True,Surfactancy / primary cleaning
SUR-LABS-S60,LABS 60% slurry,,Surfactants,Anionic LABS chain,combo,6,"APAC,CN,EU,IN,MEA,NA",Liquid,8.0,8.0,,True,Surfactancy / primary cleaning
SUR-AES-2EO,SLES 2EO paste 70%,,Surfactants,Anionic SLS/SLES chain,combo,6,"APAC,CN,EU,IN,MEA,NA",Liquid,8.0,8.0,68891-38-3,True,Surfactancy / primary cleaning
SUR-AES-3EO,SLES 3EO paste 70%,,Surfactants,Anionic SLS/SLES chain,combo,6,"APAC,CN,EU,IN,MEA,NA",Liquid,9.0,9.0,68891-38-3,True,Surfactancy / primary cleaning
SUR-SLS-PST,SLS paste 30%,,Surfactants,Anionic SLS/SLES chain,combo,5,"APAC,CN,EU,IN,NA",Liquid,9.0,9.0,151-21-3,True,Surfactancy / primary cleaning
SUR-SLS-PWD,SLS powder/needle 93%,,Surfactants,Anionic SLS/SLES chain,combo,4,"APAC,CN,EU,NA",Powder,10.0,10.0,151-21-3,True,Surfactancy / primary cleaning
SUR-FAM-C12,Fatty amines C12-C14,,Surfactants,Cationic amines & quaternaries,combo,3,"APAC,EU,IN",Liquid,13.0,13.0,,True,Conditioning & softening
SUR-FAM-C18,Fatty amines C16-C18,,Surfactants,Cationic amines & quaternaries,combo,2,"APAC,EU",Liquid,13.0,13.0,,True,Conditioning & softening
SUR-APG-LIQ,APG 50% liquid alkyl polyglucoside,,Surfactants,Non-ionic ester & glucoside,combo,4,"APAC,CN,EU,NA",Liquid,15.0,15.0,110615-47-9,True,Emulsification
F19-IMID-LIQ,Imidazoline corrosion inhibitor,,Surfactants,Cationic amines & quaternaries,combo,3,"EU,MEA,NA",Liquid,22.0,22.0,,True,Scale & corrosion inhibition
SUR-SULF-LIQ,Sulfosuccinate DLSS specialty anionic,,Surfactants,Anionic wetting agents,combo,3,"CN,EU,NA",Liquid,20.0,20.0,577-11-7,True,Wetting & spreading
RES-PA6-PEL,Nylon 6 PA6 pellets,,Plastics & Resins,Engineering thermoplastics,combo,4,"APAC,CN,EU,NA",Pellets,11.0,11.0,25038-54-4,True,Engineering plastics
RES-PC-PEL,Polycarbonate general purpose pellets,,Plastics & Resins,Engineering thermoplastics,combo,4,"APAC,CN,EU,NA",Pellets,12.0,12.0,25037-45-0,True,Engineering plastics
F20-PCE-LIQ,PCE superplasticiser 40% liquid,,Plastics & Resins,Polycarboxylate resins,combo,4,"CN,EU,IN,NA",Liquid,14.0,14.0,,True,Cement & construction dispersion
F20-PCE-PWD,PCE superplasticiser powder spray-dried,,Plastics & Resins,Polycarboxylate resins,combo,2,"CN,IN",Powder,13.0,13.0,,True,Cement & construction dispersion
RES-HDPE-PEL,Polyethylene HDPE pellets,,Plastics & Resins,Polyolefins,combo,6,"APAC,CN,EU,IN,MEA,NA",Pellets,10.0,10.0,9002-88-4,True,Commodity thermoplastics
RES-LDPE-PEL,Polyethylene LDPE pellets,,Plastics & Resins,Polyolefins,combo,4,"APAC,CN,EU,NA",Pellets,10.0,10.0,9002-88-4,True,Commodity thermoplastics
RES-PP-PEL,Polypropylene pellets,,Plastics & Resins,Polyolefins,combo,6,"APAC,CN,EU,IN,MEA,NA",Pellets,10.0,10.0,9003-07-0,True,Commodity thermoplastics
RES-ACR-LIQ,Acrylic resin waterborne 50%,,Plastics & Resins,Thermoset resins,combo,4,"APAC,CN,EU,NA",Liquid,13.0,13.0,,True,Crosslinking & curing
RES-ALK-LIQ,Alkyd resin long oil 70%,,Plastics & Resins,Thermoset resins,combo,3,"CN,EU,NA",Liquid,10.0,10.0,,True,Crosslinking & curing
RES-EPX-LIQ,Epoxy resin liquid BPA EEW 182-192,,Plastics & Resins,Thermoset resins,combo,5,"APAC,CN,EU,IN,NA",Liquid,13.0,13.0,,True,Crosslinking & curing
RES-EPX-SOL,Epoxy resin solid BPA EEW 450-550,,Plastics & Resins,Thermoset resins,combo,4,"APAC,CN,EU,NA",Solid,12.0,12.0,,True,Crosslinking & curing
RES-PET-BOT,PET bottle grade pellets,,Plastics & Resins,Vinyls and styrenics,combo,4,"APAC,CN,EU,NA",Pellets,9.0,9.0,25038-59-9,True,Commodity thermoplastics
RES-PET-FIB,PET fibre grade pellets,,Plastics & Resins,Vinyls and styrenics,combo,3,"APAC,CN,NA",Pellets,7.0,7.0,25038-59-9,True,Commodity thermoplastics
RES-PS-PEL,Polystyrene GPPS/HIPS pellets,,Plastics & Resins,Vinyls and styrenics,combo,4,"APAC,CN,EU,NA",Pellets,10.0,10.0,9003-53-6,True,Commodity thermoplastics
RES-PVC-PWD,PVC suspension grade powder,,Plastics & Resins,Vinyls and styrenics,combo,5,"APAC,CN,EU,IN,NA",Powder,10.0,10.0,9002-86-2,True,Commodity thermoplastics
ELA-BR-BAL,BR polybutadiene bale,,Elastomers,Diene-based commodity,combo,4,"APAC,CN,EU,NA",Bale,9.0,9.0,9003-17-2,True,Commodity thermoplastics
ELA-SBR-BAL,SBR 1502 solid bale,,Elastomers,Diene-based commodity,combo,4,"APAC,CN,EU,NA",Bale,9.0,9.0,9003-55-8,True,Commodity thermoplastics
ELA-NBR-BAL,NBR bale 33-36% ACN,,Elastomers,Diene-based specialty,combo,4,"APAC,CN,EU,NA",Bale,11.0,11.0,9003-18-3,True,Engineering plastics
F20-SBR-LATEX,SBR latex construction grade,,Elastomers,Latex dispersions,combo,3,"CN,EU,NA",Liquid,13.0,13.0,,True,Film formation & binding
ELA-EPDM-BAL,EPDM bale standard,,Elastomers,Polyolefin-based,combo,4,"APAC,CN,EU,NA",Bale,11.0,11.0,25038-36-2,True,Commodity thermoplastics
ELA-NEO-CHI,Neoprene CR chip/bale,,Elastomers,Specialty rubbers,combo,3,"APAC,CN,EU",Bale/chip,13.0,13.0,9010-98-4,True,Engineering plastics
SOL-TOL-LIQ,Toluene industrial 99%,,Solvents,Aromatic solvents,combo,4,"APAC,CN,EU,NA",Liquid,10.0,10.0,108-88-3,True,Solvent & carrier
SOL-XYL-LIQ,Xylene mixed 99%,,Solvents,Aromatic solvents,combo,4,"APAC,CN,EU,NA",Liquid,11.0,11.0,1330-20-7,True,Solvent & carrier
CLN-ETOH-IPC,Ethanol 96% IPC denatured,,Solvents,Oxygenated alcohol/ketone,combo,3,"EU,LA,NA",Liquid,11.0,11.0,64-17-5,True,Solvent & carrier
SOL-ACE-LIQ,Acetone 99%,,Solvents,Oxygenated alcohol/ketone,combo,4,"APAC,CN,EU,NA",Liquid,10.0,10.0,67-64-1,True,Solvent & carrier
SOL-ETOH-IND,Ethanol 96% industrial,,Solvents,Oxygenated alcohol/ketone,combo,3,"EU,LA,NA",Liquid,11.0,11.0,64-17-5,True,Solvent & carrier
SOL-IPA-LIQ,Isopropanol IPA 99%,,Solvents,Oxygenated alcohol/ketone,combo,5,"APAC,CN,EU,IN,NA",Liquid,13.0,13.0,67-63-0,True,Solvent & carrier
SOL-MEK-LIQ,MEK 99%,,Solvents,Oxygenated alcohol/ketone,combo,3,"CN,EU,NA",Liquid,12.0,12.0,78-93-3,True,Solvent & carrier
F17-PQ7-LIQ,Polyquaternium-7 PQ-7 liquid conditioning polymer,,Water-Soluble Polymers,Cationic conditioning polymers,combo,3,"CN,EU,NA",Liquid,15.0,15.0,26590-05-6,True,Conditioning & softening
F19-DEMUL-OIL,Demulsifier EO/PO block copolymer oil-soluble,,Plastics & Resins,Demulsifiers and block copolymers,combo,3,"EU,MEA,NA",Liquid,20.0,20.0,,True,Emulsification
SPO-PA12-PEL,Polyamide 12 PA12 pellets,,Plastics & Resins,Engineering thermoplastics,combo,1,EU,Pellets,16.0,16.0,24937-16-4,True,Engineering plastics
SPO-MDI-POL,MDI polymeric PMDI,,Polyurethanes,Isocyanates,combo,5,"APAC,CN,EU,MEA,NA",Liquid,13.0,13.0,,True,Foam & insulation
SPO-MDI-PUR,MDI pure monomeric,,Polyurethanes,Isocyanates,combo,5,"APAC,CN,EU,MEA,NA",Liquid,15.0,15.0,101-68-8,True,"Foam & insulation,Crosslinking & curing"
SPO-TDI-LIQ,TDI 80/20,,Polyurethanes,Isocyanates,combo,4,"APAC,CN,EU,NA",Liquid,14.0,14.0,26471-62-5,True,Foam & insulation
F17-MF-CAPS,Melamine-formaldehyde microcapsules slurry,,Plastics & Resins,Thermoset specialty polymers,combo,2,"CN,EU",Slurry,20.0,20.0,,True,Fragrance & flavour
SPO-PEEK-PEL,PEEK polyetheretherketone pellets,,Plastics & Resins,High performance polymers,combo,2,"EU,NA",Pellets,28.0,28.0,29658-26-2,True,High performance polymers
SPO-PVDF-PEL,PVDF pellets,,Plastics & Resins,High performance polymers,combo,2,"CN,EU",Pellets,22.0,22.0,24937-79-9,True,High performance polymers
AGR-AN-GRN,Ammonium nitrate granular,,Fertilizers,Bulk fertilisers,combo,5,"CN,EU,IN,MEA,NA",Granular,9.0,9.0,6484-52-2,True,Animal feed supplementation
AGR-DAP-GRN,DAP diammonium phosphate granular,,Fertilizers,Bulk fertilisers,combo,4,"EU,LA,MEA,NA",Granular,8.0,8.0,7783-28-0,True,Animal feed supplementation
AGR-MOP-GRN,MOP muriate of potash granular,,Fertilizers,Bulk fertilisers,combo,7,"APAC,CN,EU,IN,LA,MEA,NA",Granular,9.0,9.0,7447-40-7,True,Animal feed supplementation
AGR-NH3-LIQ,Ammonia anhydrous agricultural,,Fertilizers,Bulk fertilisers,combo,6,"CN,EU,IN,LA,MEA,NA",Liquid,9.0,9.0,7664-41-7,True,Animal feed supplementation
AGR-UREA-GRN,Urea granular/prilled,,Fertilizers,Bulk fertilisers,combo,7,"APAC,CN,EU,IN,LA,MEA,NA",Granular,10.0,10.0,57-13-6,True,Animal feed supplementation
PFC-AOX-PWD,Antioxidant hindered phenol powder,,Petrochemicals & Derivatives,Antioxidants & stabilisers,combo,3,"CN,EU,NA",Powder,13.0,13.0,,True,Antioxidant stabilisation
PFC-BPO-PWD,Dibenzoyl peroxide BPO powder,,Petrochemicals & Derivatives,Organic peroxides,combo,2,"CN,EU",Powder,20.0,20.0,94-36-0,True,Crosslinking & curing
PFC-DTBP-LIQ,Di-tert-butyl peroxide DTBP liquid,,Petrochemicals & Derivatives,Organic peroxides,combo,2,"EU,NA",Liquid,18.0,18.0,110-05-4,True,Crosslinking & curing
PFC-H2O2-35,H2O2 35% industrial,,Inorganic Chemicals,Hydrogen peroxide,combo,5,"APAC,CN,EU,IN,NA",Liquid,12.0,12.0,7722-84-1,True,"Bleaching,Advanced oxidation,Disinfection"
PFC-H2O2-50,H2O2 50% industrial,,Inorganic Chemicals,Hydrogen peroxide,combo,3,"CN,EU,NA",Liquid,12.0,12.0,7722-84-1,True,"Bleaching,Advanced oxidation"
PFC-H2O2-EG,H2O2 31% electronic grade UHP,,Inorganic Chemicals,Hydrogen peroxide,combo,3,"CN,EU,NA",Liquid,22.0,22.0,7722-84-1,True,Base chemical / feedstock
PFC-DINP-LIQ,DINP diisononyl phthalate,,Petrochemicals & Derivatives,Plasticisers,combo,3,"CN,EU,NA",Liquid,11.0,11.0,28553-12-0,True,Plasticisation
F21-AVOB-PWD,Avobenzone UV filter powder,,Fine Chemicals & Actives,UV absorbers,combo,2,"CN,EU",Powder,24.0,24.0,70356-09-1,True,UV protection
PIG-FEO-BLK,Iron oxide black Fe3O4,,Pigments & Colorants,Iron oxide pigments,combo,3,"CN,EU,NA",Powder,11.0,11.0,1317-61-9,True,Pigmentation & opacity
PIG-FEO-RED,Iron oxide red Fe2O3,,Pigments & Colorants,Iron oxide pigments,combo,5,"APAC,CN,EU,IN,NA",Powder,11.0,11.0,1309-37-1,True,Pigmentation & opacity
PIG-FEO-YEL,Iron oxide yellow FeOOH,,Pigments & Colorants,Iron oxide pigments,combo,3,"CN,EU,NA",Powder,13.0,13.0,51274-00-1,True,Pigmentation & opacity
PIG-PC-BLU,Phthalocyanine blue PB15,,Pigments & Colorants,Organic pigments,combo,3,"CN,EU,NA",Powder,16.0,16.0,147-14-8,True,Pigmentation & opacity
PIG-TIO2-CHL,TiO2 chloride process premium rutile,,Pigments & Colorants,Titanium dioxide,combo,2,"EU,NA",Powder,15.0,15.0,,True,Pigmentation & opacity
PIG-TIO2-SUL,TiO2 sulfate process rutile,,Pigments & Colorants,Titanium dioxide,combo,5,"APAC,CN,EU,IN,NA",Powder,13.0,13.0,,True,Pigmentation & opacity
PIG-CB-PEL,Carbon black N-series furnace grade,,Pigments & Colorants,Zinc-based and carbon black,combo,4,"APAC,CN,EU,NA",Pellets,11.0,11.0,1333-86-4,True,Pigmentation & opacity
PIG-ZNO-PWD,Zinc oxide powder rubber activator,,Pigments & Colorants,Zinc-based and carbon black,combo,5,"APAC,CN,EU,IN,NA",Powder,12.0,12.0,1314-13-2,True,Pigmentation & opacity
BCI-NA2CO3-PWD,Soda ash dense/light,,Inorganic Chemicals,Alkalis,combo,4,"APAC,CN,EU,NA",Powder,10.0,10.0,497-19-8,True,pH adjustment
BCI-NAOH-FLK,Caustic soda flake/pearl 98%,,Inorganic Chemicals,Alkalis,combo,4,"APAC,CN,EU,NA",Flake/pearl,13.0,13.0,,True,pH adjustment
BCI-NAOH-SOL,Caustic soda 50% solution,,Inorganic Chemicals,Alkalis,combo,6,"APAC,CN,EU,IN,MEA,NA",Liquid,12.0,12.0,1310-73-2,True,pH adjustment
BCI-ALUM-GRN,Alum granular anhydrous,,Inorganic Chemicals,Coagulants aluminium,combo,5,"APAC,CN,EU,IN,NA",Granular,11.0,11.0,,True,Coagulation
BCI-ALUM-LIQ,Alum liquid Al2(SO4)3 9%,,Inorganic Chemicals,Coagulants aluminium,combo,6,"APAC,CN,EU,IN,MEA,NA",Liquid,11.0,11.0,10043-01-3,True,Coagulation
BCI-PAC-10,PAC 10% Al2O3 liquid,,Inorganic Chemicals,Coagulants aluminium,combo,6,"APAC,CN,EU,IN,MEA,NA",Liquid,13.0,13.0,1327-41-9,True,Coagulation
BCI-PAC-18,PAC 18% Al2O3 high basicity,,Inorganic Chemicals,Coagulants aluminium,combo,6,"APAC,CN,EU,IN,MEA,NA",Liquid,14.0,14.0,1327-41-9,True,Coagulation
BCI-FE2SO4-GRN,Ferric sulfate granular anhydrous,,Inorganic Chemicals,Coagulants iron,combo,5,"APAC,CN,EU,IN,NA",Granular,10.0,10.0,,True,Coagulation
BCI-FE2SO4-LIQ,Ferric sulfate liquid 41%,,Inorganic Chemicals,Coagulants iron,combo,6,"APAC,CN,EU,IN,MEA,NA",Liquid,11.0,11.0,10028-22-5,True,Coagulation
BCI-FECL3-ANH,Ferric chloride anhydrous solid,,Inorganic Chemicals,Coagulants iron,combo,3,"CN,EU,NA",Solid,12.0,12.0,7705-08-0,True,Coagulation
BCI-FECL3-LIQ,Ferric chloride liquid FeCl3 40%,,Inorganic Chemicals,Coagulants iron,combo,6,"APAC,CN,EU,IN,MEA,NA",Liquid,13.0,13.0,7705-08-0,True,Coagulation
BCI-FESO4-HEP,Ferrous sulfate heptahydrate,,Inorganic Chemicals,Coagulants iron,combo,5,"APAC,CN,EU,IN,NA",Crystal,9.0,9.0,7782-63-0,True,Coagulation
BCI-FESO4-MON,Ferrous sulfate monohydrate,,Inorganic Chemicals,Coagulants iron,combo,3,"CN,EU,IN",Powder,9.0,9.0,,True,Coagulation
BCI-HCL-EG,Hydrochloric acid electronic grade UHP,,Inorganic Chemicals,Electronic & high-purity chemicals,combo,3,"CN,EU,NA",Liquid,18.0,18.0,7647-01-0,True,Base chemical / feedstock
FOD-GLC-SYR,Glucose syrup dextrose liquid,,Fermentation & Bioprocessing,Starch & glucose derivatives,combo,3,"CN,EU,NA",Liquid,9.0,9.0,50-99-7,True,Base chemical / feedstock
FOD-LACT-LIQ,Lactic acid 80% food grade,,Fermentation & Bioprocessing,Starch & glucose derivatives,combo,2,"CN,EU",Liquid,14.0,14.0,50-21-5,True,Base chemical / feedstock
BCI-H2SO4-LIQ,Sulfuric acid 98%,,Inorganic Chemicals,Inorganic acids,combo,6,"APAC,CN,EU,IN,MEA,NA",Liquid,10.0,10.0,7664-93-9,True,pH adjustment
BCI-H3PO4-LIQ,Phosphoric acid H3PO4 85%,,Inorganic Chemicals,Inorganic acids,combo,3,"CN,EU,NA",Liquid,11.0,11.0,7664-38-2,True,pH adjustment
BCI-HCL-LIQ,Hydrochloric acid 33%,,Inorganic Chemicals,Inorganic acids,combo,5,"APAC,CN,EU,IN,NA",Liquid,10.0,10.0,7647-01-0,True,pH adjustment
CLN-NAOCL-LIQ,Sodium hypochlorite 12-15%,,Inorganic Chemicals,Inorganic oxidants,combo,6,"APAC,CN,EU,IN,MEA,NA",Liquid,7.0,7.0,7681-52-9,True,"Disinfection,Bleaching"
F20-CA-LIG,Calcium lignosulfonate concrete retarder,,Bio-Based Ingredients,Lignosulfonates,combo,4,"CN,EU,IN,NA",Powder,10.0,10.0,,True,Cement & construction dispersion
PAM-A-EMU,PAM APAM W/O emulsion 45%,,Water-Soluble Polymers,Synthetic flocculants PAM,combo,4,"APAC,CN,EU,NA",Liquid,15.0,15.0,,True,"Flocculation,Drag reduction / friction reduction"
PAM-A-PWD,PAM APAM anionic powder 90%,,Water-Soluble Polymers,Synthetic flocculants PAM,combo,6,"APAC,CN,EU,IN,MEA,NA",Powder,13.0,13.0,,True,"Flocculation,Drag reduction / friction reduction"
PAM-A-SOL,PAM APAM anionic 30% solution,,Water-Soluble Polymers,Synthetic flocculants PAM,combo,6,"APAC,CN,EU,IN,MEA,NA",Liquid,14.0,14.0,,True,"Flocculation,Drag reduction / friction reduction"
PAM-C-PWD,PAM CPAM cationic powder 90%,,Water-Soluble Polymers,Synthetic flocculants PAM,combo,6,"APAC,CN,EU,IN,MEA,NA",Powder,16.0,16.0,,True,Flocculation
PAM-C-SOL,PAM CPAM cationic 30% solution,,Water-Soluble Polymers,Synthetic flocculants PAM,combo,6,"APAC,CN,EU,IN,MEA,NA",Liquid,17.0,17.0,,True,Flocculation
PAM-N-PWD,PAM NPAM non-ionic powder 90%,,Water-Soluble Polymers,Synthetic flocculants PAM,combo,6,"APAC,CN,EU,IN,MEA,NA",Powder,14.0,14.0,9003-05-8,True,Flocculation
PAM-N-SOL,PAM NPAM non-ionic 30% solution,,Water-Soluble Polymers,Synthetic flocculants PAM,combo,6,"APAC,CN,EU,IN,MEA,NA",Liquid,13.0,13.0,,True,Flocculation
ADV-ARAM-FIB,Para-aramid fibre Kevlar/Twaron equivalent,,Advanced Materials,Aramid and high-performance fibres,combo,2,"EU,NA",Spool,22.0,22.0,,True,Reinforcement & composites
ADV-CF-TOW,Carbon fibre PAN-based standard modulus tow,,Advanced Materials,Carbon-based fibres,combo,4,"APAC,CN,EU,NA",Spool/tow,13.0,13.0,,True,Reinforcement & composites
ADV-EGLASS-CSM,E-glass fibre chopped strand mat,,Advanced Materials,Glass and mineral fibres,combo,3,"CN,EU,NA",Roll/sheet,16.0,16.0,,True,Reinforcement & composites
ADV-EGLASS-ROV,E-glass fibre roving wound spool,,Advanced Materials,Glass and mineral fibres,combo,4,"APAC,CN,EU,NA",Spool,17.0,17.0,,True,Reinforcement & composites
FLU-VII-OCP,VII OCP ethylene-propylene copolymer,,Fluids & Lubricants,Lubricant additives,combo,2,"EU,NA",Liquid/solid,14.0,14.0,,True,Lubrication
FLU-VII-PMA,VII PMA polymethacrylate,,Fluids & Lubricants,Lubricant additives,combo,2,"EU,NA",Liquid/solid,16.0,16.0,,True,Lubrication
FLU-ZDDP-LIQ,ZDDP antiwear additive liquid,,Fluids & Lubricants,Lubricant additives,combo,2,"EU,NA",Liquid,14.0,14.0,,True,Lubrication
FLU-BO1-SN150,Base oil Base oil Group I SN 150,,Fluids & Lubricants,Mineral base oils,combo,3,"APAC,EU,NA",Liquid,11.0,11.0,,True,Lubrication
FLU-BO2-150N,Base oil Base oil Group II 150N,,Fluids & Lubricants,Mineral base oils,combo,3,"APAC,EU,NA",Liquid,12.0,12.0,,True,Lubrication
FLU-BO3-4CST,Base oil Base oil Group III 4cSt,,Fluids & Lubricants,Mineral base oils,combo,3,"APAC,EU,NA",Liquid,13.0,13.0,,True,Lubrication
FLU-PAO-4,PAO 4 low viscosity synthetic,,Fluids & Lubricants,Synthetic lubricants,combo,3,"APAC,EU,NA",Liquid,14.0,14.0,,True,Lubrication
FLU-PAO-68,PAO 6/8 medium viscosity synthetic,,Fluids & Lubricants,Synthetic lubricants,combo,2,"EU,NA",Liquid,15.0,15.0,,True,Lubrication
SIL-EMU-35,Silicone emulsion 35% personal care,,Silicones,Silicone emulsions,combo,3,"APAC,CN,EU",Liquid,11.0,11.0,,True,Conditioning & softening
SIL-EMU-60,Silicone emulsion 60% industrial,,Silicones,Silicone emulsions,combo,2,"CN,EU",Liquid,12.0,12.0,,True,Conditioning & softening
SIL-PDMS-HGH,PDMS high viscosity >10000 cSt,,Silicones,Silicone fluids,combo,4,"APAC,CN,EU,NA",Liquid,12.0,12.0,63148-62-9,True,Lubrication
SIL-PDMS-LOW,PDMS low viscosity 50-1000 cSt,,Silicones,Silicone fluids,combo,4,"APAC,CN,EU,NA",Liquid,11.0,11.0,63148-62-9,True,Lubrication
SIL-RTV1-LIQ,Silicone sealant RTV-1 one-component,,Silicones,Silicone sealants and specialties,combo,4,"APAC,CN,EU,NA",Liquid/paste,12.0,12.0,63148-62-9,True,Crosslinking & curing
SIL-RTV2-LIQ,Silicone sealant RTV-2 two-component,,Silicones,Silicone sealants and specialties,combo,3,"CN,EU,NA",Liquid,11.0,11.0,63148-62-9,True,Crosslinking & curing
SIL-SURF-LIQ,Silicone surfactant polyether-modified,,Silicones,Silicone sealants and specialties,combo,2,"EU,NA",Liquid,14.0,14.0,,True,"Emulsification,Defoaming"
F16-TPP-LIQ,Triphenyl phosphate TPP flame retardant,,Phosphorus Chemicals,Organophosphorus flame retardants,combo,3,"CN,EU,NA",Liquid,16.0,16.0,115-86-6,True,Base chemical / feedstock
F16-ATMP-LIQ,ATMP aminotrimethylene phosphonic acid,,Phosphorus Chemicals,Phosphonate scale inhibitors,combo,3,"CN,EU,NA",Liquid,20.0,20.0,6419-19-8,True,Scale & corrosion inhibition
F16-HEDP-LIQ,HEDP hydroxyethylidene diphosphonic acid,,Phosphorus Chemicals,Phosphonate scale inhibitors,combo,3,"CN,EU,NA",Liquid,20.0,20.0,2809-21-4,True,Scale & corrosion inhibition
F19-THPS-SOL,THPS tetrakis hydroxymethyl phosphonium sulfate,,Phosphorus Chemicals,Phosphonium biocides,combo,3,"EU,MEA,NA",Liquid,22.0,22.0,,True,Water treatment biocidal control
F18-SAP-AGR,SAP agricultural grade,,Water-Soluble Polymers,Superabsorbent polymers,combo,2,"APAC,CN",Powder,12.0,12.0,9003-04-7,True,Superabsorbent
F18-SAP-HYG,SAP hygiene grade sodium polyacrylate crosslinked,,Water-Soluble Polymers,Superabsorbent polymers,combo,4,"APAC,CN,EU,NA",Powder,16.0,16.0,9003-04-7,True,Superabsorbent
F22-LAR-EU,Liquid argon LAR bulk delivery,,Industrial Gases,Air separation gases,combo,4,"APAC,CN,EU,NA",Bulk liquid,8.0,8.0,,True,Base chemical / feedstock
F22-LIN-EU,Liquid nitrogen LIN bulk delivery,,Industrial Gases,Air separation gases,combo,4,"APAC,CN,EU,NA",Bulk liquid,6.0,6.0,,True,Base chemical / feedstock
F22-LOX-EU,Liquid oxygen LOX bulk delivery,,Industrial Gases,Air separation gases,combo,4,"APAC,CN,EU,NA",Bulk liquid,8.0,8.0,,True,Base chemical / feedstock
F22-R1234YF-EU,R-1234yf refrigerant HFO next-gen low-GWP,,Industrial Gases,Refrigerant and fluorochemical gases,combo,4,"APAC,CN,EU,NA",Cylinder/bulk,10.0,10.0,,True,Base chemical / feedstock
F22-R134A-EU,R-134a refrigerant HFC being phased down under Kigali,,Industrial Gases,Refrigerant and fluorochemical gases,combo,4,"APAC,CN,EU,NA",Cylinder/bulk,4.0,4.0,,True,Base chemical / feedstock
F22-R32-EU,R-32 refrigerant difluoromethane HFC,,Industrial Gases,Refrigerant and fluorochemical gases,combo,4,"APAC,CN,EU,NA",Cylinder/bulk,4.0,4.0,,True,Base chemical / feedstock
F22-R410A-EU,R-410A refrigerant blend HFC HVAC standard,,Industrial Gases,Refrigerant and fluorochemical gases,combo,3,"CN,EU,NA",Cylinder/bulk,4.0,4.0,,True,Base chemical / feedstock
F22-CO2-EU,CO2 industrial liquid bulk,,Industrial Gases,Synthesis gases,combo,3,"CN,EU,NA",Bulk liquid,22.0,22.0,,True,Base chemical / feedstock
F22-H2-EU,Hydrogen liquid/gas SMR route,,Industrial Gases,Synthesis gases,combo,3,"CN,EU,NA",Bulk gas,6.0,6.0,,True,Base chemical / feedstock
F23-LYS-EU,L-Lysine HCl 98.5% feed grade,,Fermentation & Bioprocessing,Feed amino acids,combo,5,"APAC,CN,EU,LA,NA",Powder,18.0,18.0,,True,Animal feed supplementation
F23-MET-EU,DL-Methionine 99% feed grade,,Fine Chemicals & Actives,Amino acids synthetic,combo,5,"APAC,CN,EU,LA,NA",Powder/granule,17.0,17.0,,True,Animal feed supplementation
F23-THR-EU,L-Threonine 98.5% feed grade,,Fermentation & Bioprocessing,Feed amino acids,combo,3,"CN,EU,IN",Powder,17.0,17.0,,True,Animal feed supplementation
F23-VITD3-EU,Vitamin D3 cholecalciferol feed grade,,Fine Chemicals & Actives,Vitamins synthetic,combo,2,"CN,EU",Powder,22.0,22.0,,True,Human nutrition & nutraceuticals
F23-VITE-EU,Vitamin E dl-alpha-tocopheryl acetate feed grade,,Fine Chemicals & Actives,Vitamins synthetic,combo,2,"CN,EU",Powder,20.0,20.0,,True,Human nutrition & nutraceuticals
F23-NIAC-FG-EU,Niacinamide B3 food/pharma grade,,Fine Chemicals & Actives,Vitamins synthetic,combo,3,"CN,EU,IN",Powder,28.0,28.0,,True,Human nutrition & nutraceuticals
F21-ASCOR-PWD,Ascorbic acid vitamin C cosmetic grade,,Fine Chemicals & Actives,Vitamins synthetic,combo,3,"CN,EU,IN",Powder,20.0,20.0,50-81-7,True,Human nutrition & nutraceuticals
F21-NIAC-PWD,Niacinamide vitamin B3 cosmetic grade,,Fine Chemicals & Actives,Vitamins synthetic,combo,3,"CN,EU,IN",Powder,27.0,27.0,98-92-0,True,Human nutrition & nutraceuticals
F24-HEUR-EU,HEUR polyurethane associative thickener,,Water-Soluble Polymers,Associative thickeners,combo,2,"EU,NA",Liquid,18.0,18.0,,True,Thickening & rheology
F24-GHPTC-PWD,Guar hydroxypropyltrimonium chloride GHPTC,,Water-Soluble Polymers,Cationic conditioning polymers,combo,2,"EU,IN",Powder,14.0,14.0,65497-29-2,True,Conditioning & softening
F24-XG-EU,Xanthan gum food/industrial grade,,Fermentation & Bioprocessing,Biopolymer fermentation,combo,3,"CN,EU,NA",Powder,14.0,14.0,,True,"Thickening & rheology,Texturising & gelling"
F24-HEC-EU,Hydroxyethyl cellulose HEC powder,,Water-Soluble Polymers,Cellulose ethers,combo,3,"CN,EU,NA",Powder,15.0,15.0,,True,Thickening & rheology
F24-CARB-EU,Carbomer 940 crosslinked polyacrylic acid,,Water-Soluble Polymers,Polyacrylate thickeners,combo,3,"CN,EU,NA",Powder,18.0,18.0,,True,Thickening & rheology
F25-EDTA-EU,EDTA tetrasodium salt powder,,Fine Chemicals & Actives,Chelating agents,combo,3,"CN,EU,NA",Powder,15.0,15.0,,True,Scale & corrosion inhibition
F25-GLDA-EU,"GLDA glutamic acid N,N-diacetic acid tetrasodium",,Fine Chemicals & Actives,Chelating agents,combo,2,"EU,NA",Liquid,22.0,22.0,,True,Scale & corrosion inhibition
F25-MGDA-EU,MGDA methylglycinediacetic acid trisodium,,Fine Chemicals & Actives,Chelating agents,combo,2,"EU,NA",Liquid,21.0,21.0,,True,Scale & corrosion inhibition
CLN-CA-PWD,Citric acid cleaning grade anhydrous,,Fermentation & Bioprocessing,Fermentation organic acids,combo,4,"APAC,CN,EU,NA",Powder,12.0,12.0,77-92-9,True,"Preservation (cosmetic/food),Scale & corrosion inhibition"
FOD-CA-ANH,Citric acid food grade anhydrous,,Fermentation & Bioprocessing,Fermentation organic acids,combo,4,"APAC,CN,EU,NA",Powder,12.0,12.0,77-92-9,True,"Preservation (cosmetic/food),Scale & corrosion inhibition"
F26-GLUT-EU,Glutaraldehyde 50% solution,,Biocides & Antimicrobials,Aldehyde biocides,combo,3,"CN,EU,NA",Liquid,20.0,20.0,,True,Water treatment biocidal control
F26-PHEOH-EU,Phenoxyethanol preservative cosmetic,,Biocides & Antimicrobials,Diverse preservatives,combo,2,"CN,EU",Liquid,18.0,18.0,,True,Preservation (cosmetic/food)
F26-BIT-EU,BIT benzisothiazolinone technical,,Biocides & Antimicrobials,Isothiazolinone biocides,combo,2,"CN,EU",Solid/powder,24.0,24.0,,True,Preservation (cosmetic/food)
F26-MIT-EU,MIT methylisothiazolinone 15% solution,,Biocides & Antimicrobials,Isothiazolinone biocides,combo,3,"CN,EU,NA",Liquid,22.0,22.0,,True,Preservation (cosmetic/food)
F27-PEA-EU,Phenylethyl alcohol rose benzene-chain,,Aroma Chemicals,Benzene-chain aroma chemicals,combo,3,"CN,EU,NA",Liquid,20.0,20.0,,True,Fragrance & flavour
F27-GAL-SOL,Galaxolide HHCB 50% in IPM polycyclic musk,,Aroma Chemicals,Musk compounds,combo,1,EU,Liquid,32.0,32.0,1222-05-5,True,Fragrance & flavour
F27-BION-EU,Beta-ionone 95% petrochemical-derived,,Aroma Chemicals,Petrochemical-derived aroma chemicals,combo,3,"CN,EU,NA",Liquid,24.0,24.0,,True,Fragrance & flavour
F27-CIT-EU,Citronellol 95% terpene-derived,,Aroma Chemicals,Terpene-derived aroma chemicals,combo,2,"CN,EU",Liquid,22.0,22.0,,True,Fragrance & flavour
F27-LIN-EU,Linalool natural 97% ho oil/rosewood route,,Aroma Chemicals,Terpene-derived aroma chemicals,combo,2,"CN,EU",Liquid,24.0,24.0,,True,Fragrance & flavour
F28-AZOX-CN,Azoxystrobin 95% TC strobilurin fungicide,,Crop Protection Chemicals,Generic fungicides,combo,2,"CN,IN",Powder,24.0,24.0,,True,Crop protection
F28-MANZ-CN,Mancozeb 80% WP EBDC fungicide,,Crop Protection Chemicals,Generic fungicides,combo,4,"CN,EU,IN,NA",Powder,18.0,18.0,,True,Crop protection
F28-PROP-CN,Propiconazole 95% TC triazole fungicide,,Crop Protection Chemicals,Generic fungicides,combo,3,"CN,IN,NA",Liquid,22.0,22.0,,True,Crop protection
F28-CHLOR-CN,Chlorpyrifos 97% TC organophosphate insecticide,,Crop Protection Chemicals,Generic insecticides,combo,4,"CN,EU,IN,NA",Solid,18.0,18.0,,True,Crop protection
F28-CYPR-CN,Cypermethrin 92% TC pyrethroid insecticide,,Crop Protection Chemicals,Generic insecticides,combo,3,"CN,IN,NA",Liquid/solid,20.0,20.0,,True,Crop protection
F28-IMID-CN,Imidacloprid 97% TC neonicotinoid insecticide,,Crop Protection Chemicals,Generic insecticides,combo,3,"CN,IN,NA",Powder,22.0,22.0,,True,Crop protection
AGR-GLYP-TC,Glyphosate 95% TC powder,,Crop Protection Chemicals,Herbicide intermediates,combo,3,"CN,IN,NA",Powder,9.0,9.0,1071-83-6,True,Crop protection
MIN-MIBC-LIQ,MIBC frother 99%,,Solvents,Mining reagents,combo,3,"CN,EU,NA",Solid/liquid,15.0,15.0,,True,Mineral flotation & extraction
MIN-NACN-SOL,Sodium cyanide briquette/solution,,Inorganic Chemicals,Mining reagents,combo,3,"CN,EU,NA",Solid/liquid,15.0,15.0,,True,Mineral flotation & extraction
MIN-NASIL-LIQ,Sodium silicate liquid,,Inorganic Chemicals,Mining reagents,combo,3,"CN,EU,NA",Solid/liquid,15.0,15.0,,True,Mineral flotation & extraction
MIN-CUSO4-PWD,Copper sulfate pentahydrate,,Inorganic Chemicals,Mining reagents,combo,3,"CN,EU,NA",Solid/liquid,15.0,15.0,,True,Mineral flotation & extraction
MIN-GUAR-PWD,Guar gum powder (flotation depressant),,Bio-Based Ingredients,Natural gums,combo,3,"APAC,IN,MEA",Powder,12.0,12.0,,True,"Mineral flotation & extraction,Thickening & rheology"
BCI-MEOH-LIQ,Methanol,,Petrochemicals & Derivatives,Petrochemical building blocks,combo,4,"APAC,CN,EU,NA",Liquid,10.0,10.0,,True,Base chemical / feedstock
BCI-MEG-LIQ,Ethylene glycol MEG,,Petrochemicals & Derivatives,Petrochemical building blocks,combo,4,"APAC,CN,EU,NA",Liquid,9.0,9.0,,True,Base chemical / feedstock
BCI-FORM-LIQ,Formaldehyde 37% formalin,,Petrochemicals & Derivatives,Petrochemical building blocks,combo,4,"APAC,CN,EU,NA",Liquid,15.0,15.0,,True,Base chemical / feedstock
RES-ABS-PEL,ABS pellets general purpose,,Plastics & Resins,Vinyls and styrenics,combo,4,"APAC,CN,EU,NA",Pellets,10.0,10.0,,True,Commodity thermoplastics
BCI-CAOH2-PWD,Calcium hydroxide hydrated lime,,Inorganic Chemicals,Alkalis,combo,4,"CN,EU,IN,NA",Powder,10.0,10.0,,True,pH adjustment
SOL-BUOH-LIQ,n-Butanol,,Solvents,Oxygenated alcohol/ketone,combo,4,"APAC,CN,EU,NA",Liquid,13.0,13.0,,True,Solvent & carrier
SOL-MPG-LIQ,Propylene glycol USP/industrial,,Solvents,Oxygenated alcohol/ketone,combo,4,"APAC,CN,EU,NA",Liquid,10.0,10.0,,True,Solvent & carrier
RES-EVA-PEL,EVA ethylene vinyl acetate pellets,,Plastics & Resins,Polyolefins,combo,4,"APAC,CN,EU,NA",Pellets,11.0,11.0,,True,Commodity thermoplastics
FOD-STARCH-PWD,Starch industrial corn,,Fermentation & Bioprocessing,Starch & glucose derivatives,combo,4,"APAC,CN,EU,NA",Powder,13.0,13.0,,True,Texturising & gelling
MIN-CACO3-GCC,Calcium carbonate GCC ground,,Industrial Minerals,Fillers and extenders,combo,4,"CN,EU,IN,NA",Powder,12.0,12.0,,True,Pigmentation & opacity
MIN-CACO3-PCC,Calcium carbonate PCC precipitated,,Industrial Minerals,Fillers and extenders,combo,4,"CN,EU,IN,NA",Powder,10.0,10.0,,True,Pigmentation & opacity
ACT-CARB-MIN,Activated carbon mineral coal-based,,Bio-Based Ingredients,Adsorbents,combo,4,"CN,EU,IN,NA",Powder,13.0,13.0,,True,Adsorption
ACT-CARB-COCO,Activated carbon coconut-shell,,Bio-Based Ingredients,Adsorbents,combo,4,"APAC,EU,IN,NA",Powder,15.0,15.0,,True,Adsorption
SOL-ETAC-LIQ,Ethyl Acetate,,Solvents,Oxygenated alcohol/ketone,combo,1,NA,Liquid,12.0,12.0,,True,Solvent & carrier
SOL-BUAC-LIQ,Butyl Acetate,,Solvents,Oxygenated alcohol/ketone,combo,1,NA,Liquid,12.0,12.0,,True,Solvent & carrier
MIN-BENT-PWD,Bentonite,,Industrial Minerals,Fillers and extenders,combo,2,NA,Powder,12.0,15.0,,True,Thickening & rheology
MIN-BARI-PWD,Barite,,Industrial Minerals,Fillers and extenders,combo,1,NA,Powder,12.0,12.0,,True,Base chemical / feedstock
MIN-KAO-PWD,Kaolin Clay,,Industrial Minerals,Fillers and extenders,combo,1,NA,Powder,12.0,12.0,,True,Pigmentation & opacity
MIN-TALC-PWD,Talc,,Industrial Minerals,Fillers and extenders,combo,2,NA,Powder,12.0,14.0,,True,Base chemical / feedstock
MIN-FSIL-PWD,Fumed Silica,,Industrial Minerals,Fillers and extenders,combo,1,NA,Powder,18.0,18.0,,True,Thickening & rheology
RES-PA66-PEL,Nylon 66 (PA66),,Plastics & Resins,Engineering thermoplastics,combo,1,NA,Pellets,15.0,15.0,,True,Engineering plastics
POL-PEG-LIQ,PEG (Polyethylene Glycol),,Surfactants,Non-ionic ethoxylates,combo,1,NA,Liquid,14.0,14.0,,True,Emulsification
CLN-NACLO3-LIQ,Sodium Chlorate,,Inorganic Chemicals,Inorganic oxidants,combo,1,NA,Liquid,12.0,12.0,,True,Bleaching
FAT-STEA-PWD,Stearic Acid,,Oleochemicals,Fatty acids & derivatives,combo,1,NA,Powder,12.0,12.0,,True,Lubrication
FAT-ZNST-PWD,Zinc Stearate,,Oleochemicals,Fatty acids & derivatives,combo,1,NA,Powder,14.0,14.0,,True,Lubrication
CLN-PAA-LIQ,Peracetic Acid (PAA),,Inorganic Chemicals,Inorganic oxidants,combo,1,NA,Liquid,15.0,15.0,,True,"Disinfection,Preservation (cosmetic/food)"
MIN-STPP-PWD,Sodium Tripolyphosphate (STPP),,Inorganic Chemicals,Phosphates,combo,1,NA,Powder,12.0,12.0,,True,Scale & corrosion inhibition
POL-PDADMAC-LIQ,PolyDADMAC,,Water-Soluble Polymers,Synthetic flocculants PAM,combo,1,NA,Liquid,14.0,14.0,,True,Flocculation
CLN-BAC-LIQ,"Benzalkonium Chloride (BAC, Quaternary Ammonium)",,Inorganic Chemicals,Inorganic oxidants,combo,1,NA,Liquid,15.0,15.0,,True,"Water treatment biocidal control,Conditioning & softening"
F27-DLIM-LIQ,d-Limonene,,Aroma Chemicals,Terpene-derived aroma chemicals,combo,1,NA,Liquid,18.0,18.0,,True,"Solvent & carrier,Fragrance & flavour"
MIN-NA2S-FLK,Sodium Sulfide,,Inorganic Chemicals,Mining reagents,combo,1,NA,Flakes,13.0,13.0,,True,Mineral flotation & extraction
AGR-24D-LIQ,"2,4-D Herbicide",,Crop Protection Chemicals,Herbicides,combo,1,NA,Liquid,14.0,14.0,,True,Crop protection
CLN-NAPERCARB-PWD,Sodium Percarbonate,,Inorganic Chemicals,Inorganic oxidants,combo,1,NA,Powder,13.0,13.0,,True,Bleaching
ELA-VACC-PWD,Vulcanization Accelerators (CBS/MBTS/TMTD),,Elastomers,Vulcanization agents,combo,1,NA,Powder,15.0,15.0,,True,Crosslinking & curing
BCI-AKDASA-LIQ,AKD / ASA Sizing Agents,,Petrochemicals & Derivatives,Paper sizing agents,combo,1,NA,Liquid,14.0,14.0,,True,Film formation & binding
ELA-SBL-LIQ,SB Latex (Styrene-Butadiene Latex),,Elastomers,Latex dispersions,combo,1,NA,Liquid,12.0,12.0,,True,Film formation & binding
RES-VAERPP-PWD,VAE Redispersible Polymer Powder,,Plastics & Resins,Vinyl acetate-based polymers,combo,1,NA,Powder,14.0,14.0,,True,Film formation & binding
BCI-NAGLUC-PWD,Sodium Gluconate,,Fermentation & Bioprocessing,Fermentation organic acids,combo,1,NA,Powder,13.0,13.0,,True,Scale & corrosion inhibition
SOL-COAL-LIQ,Coalescent (Texanol / TXIB Type),,Solvents,Oxygenated alcohol/ketone,combo,1,NA,Liquid,16.0,16.0,,True,Film formation & binding
SOL-NMP-LIQ,NMP (N-Methyl-2-Pyrrolidone),,Solvents,Polar aprotic solvents,combo,1,NA,Liquid,15.0,15.0,,True,Solvent & carrier
SOL-PGMEA-LIQ,PGMEA (Propylene Glycol Monomethyl Ether Acetate),,Solvents,Oxygenated alcohol/ketone,combo,1,NA,Liquid,14.0,14.0,,True,Solvent & carrier
BCI-H2SO4-ELEC,Electronic-Grade Sulfuric Acid,,Inorganic Chemicals,Inorganic acids,combo,1,NA,Liquid,18.0,18.0,,True,pH adjustment
BCI-NH3-ELEC,Electronic-Grade Ammonia,,Inorganic Chemicals,Electronic & high-purity chemicals,combo,1,NA,Gas / pressurized liquid,18.0,18.0,,True,Base chemical / feedstock
BCI-NABROM-LIQ,Sodium Bromide Brine,,Inorganic Chemicals,Inorganic salts,combo,1,NA,Liquid,14.0,14.0,,True,Base chemical / feedstock
BCI-ZNBROM-LIQ,Zinc Bromide Brine,,Inorganic Chemicals,Inorganic salts,combo,1,NA,Liquid,15.0,15.0,,True,Base chemical / feedstock
OIL-DRA-LIQ,Drag Reducing Agent (DRA),,Plastics & Resins,Flow improvers,combo,1,NA,Liquid,18.0,18.0,,True,Drag reduction / friction reduction
SOL-PINE-LIQ,Pine Oil,,Solvents,Terpene-derived aroma chemicals,combo,1,NA,Liquid,16.0,16.0,,True,"Solvent & carrier,Mineral flotation & extraction"
BCI-NAMBS-PWD,Sodium Metabisulfite,,Inorganic Chemicals,Inorganic salts,combo,1,NA,Powder,13.0,13.0,,True,pH adjustment
BCI-KMNO4-PWD,Potassium Permanganate,,Inorganic Chemicals,Inorganic oxidants,combo,1,NA,Powder,15.0,15.0,,True,Advanced oxidation
CLN-CAHYPO-PWD,Calcium Hypochlorite,,Inorganic Chemicals,Inorganic oxidants,combo,1,NA,Powder,13.0,13.0,,True,Disinfection
POL-HPMC-PWD,HPMC (Hydroxypropyl Methylcellulose),,Water-Soluble Polymers,Cellulose ethers,combo,1,NA,Powder,16.0,16.0,,True,Thickening & rheology
POL-MCC-PWD,Microcrystalline Cellulose (MCC),,Bio-Based Ingredients,Cellulose products,combo,1,NA,Powder,14.0,14.0,,True,Thickening & rheology
FAT-MGST-PWD,Magnesium Stearate,,Oleochemicals,Fatty acids & derivatives,combo,1,NA,Powder,14.0,14.0,,True,Lubrication
BIO-GELA-PWD,Gelatin (Pharma/Food Grade),,Bio-Based Ingredients,Animal proteins,combo,1,GL,Powder,18.0,18.0,,True,Texturising & gelling
BIO-PECT-PWD,Pectin,,Bio-Based Ingredients,Hydrocolloids,combo,1,GL,Powder,20.0,20.0,,True,Texturising & gelling
BIO-CARR-PWD,Carrageenan,,Bio-Based Ingredients,Hydrocolloids,combo,1,GL,Powder,20.0,20.0,,True,Texturising & gelling
BIO-NAALG-PWD,Sodium Alginate,,Bio-Based Ingredients,Hydrocolloids,combo,1,GL,Powder,20.0,20.0,,True,Texturising & gelling
PRES-NABENZ-PWD,Sodium Benzoate,,Biocides & Antimicrobials,Benzoate preservatives,combo,1,NA,Powder,14.0,14.0,,True,Preservation (cosmetic/food)
PRES-KSRB-PWD,Potassium Sorbate,,Biocides & Antimicrobials,Sorbate preservatives,combo,1,NA,Powder,15.0,15.0,,True,Preservation (cosmetic/food)
MIN-MSTARCH-PWD,Modified Starch (Food Grade),,Fermentation & Bioprocessing,Starch & glucose derivatives,combo,1,NA,Powder,12.0,12.0,,True,Texturising & gelling
BCI-LIOH-PWD,Lithium Hydroxide (Spodumene Route),,Industrial Minerals,Lithium minerals,combo,1,GL,Powder,16.0,16.0,,True,Base chemical / feedstock
LUB-PAG-LIQ,PAG (Polyalkylene Glycol),,Fluids & Lubricants,Synthetic base stocks,combo,1,NA,Liquid,16.0,16.0,,True,Base chemical / feedstock
LUB-ESTER-LIQ,Ester Base Stocks (TMP / PE Esters),,Fluids & Lubricants,Synthetic base stocks,combo,1,NA,Liquid,17.0,17.0,,True,Lubrication
AGR-LCHT-TC,Lambda-Cyhalothrin TC,,Crop Protection Chemicals,Pyrethroid insecticides,combo,1,NA,Liquid,18.0,18.0,,True,Crop protection
AGR-THIAMX-TC,Thiamethoxam TC,,Crop Protection Chemicals,Neonicotinoid insecticides,combo,1,NA,Powder,18.0,18.0,,True,Crop protection
AGR-PARAQ-TC,Paraquat TC,,Crop Protection Chemicals,Herbicides,combo,1,NA,Liquid,16.0,16.0,,True,Crop protection
MIN-SOP-GRN,Potassium Sulfate (SOP),,Fertilizers,Potassic fertilizers,combo,1,GL,Granules,12.0,12.0,,True,Animal feed supplementation
BCI-ZNSO4-PWD,Zinc Sulfate,,Inorganic Chemicals,Inorganic salts,combo,1,NA,Powder,13.0,13.0,,True,Animal feed supplementation
BCI-MNSO4-PWD,Manganese Sulfate,,Inorganic Chemicals,Inorganic salts,combo,1,NA,Powder,13.0,13.0,,True,Animal feed supplementation
MIN-PSIL-PWD,Precipitated silica highly dispersible (tire-grade),,Industrial Minerals,Fillers and extenders,combo,4,"APAC,CN,EU,NA",Powder,15.0,15.0,112926-00-8,True,Reinforcement & composites
MIN-XANTH-GRN,Xanthate flotation collector (SIPX/PAX-type),,Inorganic Chemicals,Mining reagents,combo,4,"APAC,CN,EU,NA",Granular/flake,15.0,15.0,140-90-7,True,Mineral flotation & extraction
MIN-AEROPHINE-LIQ,Phosphine-based dithiophosphinate collector (Aerophine-type),,Phosphorus Chemicals,Mining reagents,combo,4,"APAC,EU,LA,NA",Liquid,18.0,18.0,13360-78-6,True,Mineral flotation & extraction
BCI-HF-LIQ,"Hydrofluoric acid (anhydrous/aqueous, industrial grade)",,Inorganic Chemicals,Inorganic acids,combo,4,"APAC,CN,EU,NA",Liquid,15.0,15.0,7664-39-3,True,Base chemical / feedstock
MIN-NDPR-OXD,"Neodymium-Praseodymium oxide (NdPr, magnet-grade)",,Industrial Minerals,Rare earths & specialty oxides,combo,4,"APAC,CN,EU,NA",Powder/oxide,15.0,15.0,12126-39-5,True,Base chemical / feedstock
F10-EHS-LIQ,Ethylhexyl salicylate (PARSOL EHS-type UV filter),,Fine Chemicals & Actives,UV absorbers,combo,3,"CN,EU,NA",Liquid,15.0,15.0,118-60-5,True,UV protection
F10-OCR-LIQ,Octocrylene (PARSOL 340-type UV filter/photostabilizer),,Fine Chemicals & Actives,UV absorbers,combo,3,"CN,EU,NA",Liquid,15.0,15.0,6197-30-4,True,UV protection
F27-CTRL-LIQ,Citral (terpene aroma/vitamin intermediate),,Aroma Chemicals,Petrochemical-derived aroma chemicals,combo,3,"CN,EU,NA",Liquid,15.0,15.0,5392-40-5,True,Fragrance & flavour
F23-CHCL-PWD,Choline chloride (60% corn cob / 70% liquid feed additive),,Petrochemicals & Derivatives,EO derivatives,combo,4,"CN,EU,IN,NA",Powder on carrier/liquid,12.0,12.0,67-48-1,True,Animal feed supplementation
F23-DPAN-LIQ,"D-Panthenol (provitamin B5, cosmetic grade)",,Fine Chemicals & Actives,Vitamins synthetic,combo,3,"CN,EU,NA",Viscous liquid,20.0,20.0,81-13-0,True,Human nutrition & nutraceuticals
SOL-DPG-LIQ,"DPG (dipropylene glycol, fragrance/personal care carrier grade)",,Solvents,Oxygenated alcohol/ketone,combo,4,"APAC,CN,EU,NA",Liquid,15.0,15.0,25265-71-8,True,Solvent & carrier
F10-OMC-LIQ,"Ethylhexyl methoxycinnamate (octinoxate, PARSOL MCX-type)",,Fine Chemicals & Actives,UV absorbers,combo,4,"APAC,CN,EU,NA",Liquid,15.0,15.0,5466-77-3,True,UV protection
F10-HMS-LIQ,Homosalate (PARSOL HMS-type UV filter),,Fine Chemicals & Actives,UV absorbers,combo,2,"EU,NA",Liquid,15.0,15.0,118-56-9,True,UV protection
F10-EHT-PWD,Ethylhexyl triazone (PARSOL EHT-type UV filter),,Fine Chemicals & Actives,UV absorbers,combo,2,"CN,EU",Powder,15.0,15.0,88122-99-0,True,UV protection
F23-BCAR-PWD,"Beta-carotene (synthetic, provitamin A feed/food grade)",,Fine Chemicals & Actives,Carotenoid pigments,combo,3,"CN,EU,NA",Powder/beadlet,20.0,20.0,7235-40-7,True,Animal feed supplementation
F23-ASTA-PWD,"Astaxanthin (feed grade, salmonid/crustacean pigmentation)",,Fine Chemicals & Actives,Carotenoid pigments,combo,3,"APAC,EU,NA",Beadlet (8-10% active),25.0,25.0,472-61-7,True,Animal feed supplementation
F23-HYD3-PWD,"25-Hydroxyvitamin D3 (Hy-D, feed-grade metabolite)",,Fine Chemicals & Actives,Feed vitamins,combo,2,"EU,NA",Crystalline powder in premix/oil,30.0,30.0,19356-17-3,True,Animal feed supplementation
F23-VITK3-PWD,"Vitamin K3 menadione sodium bisulfite (MSB, feed grade)",,Fine Chemicals & Actives,Feed vitamins,combo,2,"CN,EU",Crystalline powder,20.0,20.0,130-37-0,True,Animal feed supplementation
F23-VITB6-PWD,Vitamin B6 pyridoxine hydrochloride (feed grade),,Fine Chemicals & Actives,Feed vitamins,combo,2,"CN,EU",White crystalline powder,20.0,20.0,58-56-0,True,Animal feed supplementation
OLE-IPM-LIQ,Isopropyl myristate (IPM emollient ester),,Oleochemicals,Oleochemical esters,combo,4,"APAC,CN,EU,NA",Liquid,16.0,16.0,110-27-0,True,Emulsification
OLE-CCT-LIQ,Caprylic/capric triglyceride (CCT emollient),,Oleochemicals,Oleochemical esters,combo,3,"APAC,EU,NA",Liquid,18.0,18.0,65381-09-1,True,Emulsification
SUR-SCI-PWD,"Sodium cocoyl isethionate (SCI, premium mild anionic)",,Surfactants,Anionic specialty,combo,4,"CN,EU,IN,NA",White flakes/pellets,22.0,22.0,61789-32-0,True,Surfactancy / primary cleaning
SUR-PS80-LIQ,"Polysorbate 80 (Tween 80, ethoxylated sorbitan ester)",,Oleochemicals,Fatty acids & derivatives,combo,3,"APAC,EU,NA",Amber viscous liquid,18.0,18.0,9005-65-6,True,Emulsification
OLE-CEH-LIQ,Cetyl ethylhexanoate (light emollient ester),,Oleochemicals,Oleochemical esters,combo,3,"APAC,EU,NA",Liquid,16.0,16.0,59130-69-7,True,Emulsification
OLE-ODD-LIQ,Octyldodecanol (branched fatty alcohol emollient),,Oleochemicals,Oleochemical esters,combo,3,"APAC,EU,NA",Liquid,18.0,18.0,5333-42-6,True,Emulsification
OLE-DCC-LIQ,Dicaprylyl carbonate (silicone-alternative emollient),,Oleochemicals,Oleochemical esters,combo,2,"EU,NA",Liquid,18.0,18.0,1680-31-5,True,Emulsification
OLE-C1215AB-LIQ,C12-C15 alkyl benzoate (UV filter solubilizer emollient),,Oleochemicals,Oleochemical esters,combo,3,"APAC,EU,NA",Liquid,18.0,18.0,68411-27-2,True,Emulsification
SUR-SMS-PWD,"Sorbitan monostearate (Span 60, W/O emulsifier)",,Surfactants,Non-ionic ester & glucoside,combo,3,"APAC,EU,NA",Waxy solid,15.0,15.0,1338-41-6,True,Emulsification
SUR-CTG-PWD,"Cetearyl glucoside (bio-based non-ionic emulsifier, Montanov-type)",,Surfactants,Non-ionic ester & glucoside,combo,2,"EU,NA",White waxy pellets,20.0,20.0,68515-73-1,True,Emulsification
SUR-GSSE-PWD,Glyceryl stearate SE (self-emulsifying O/W emulsifier),,Surfactants,Non-ionic ester & glucoside,combo,5,"APAC,CN,EU,IN,NA",White waxy flakes,14.0,14.0,31566-31-1,True,Emulsification
SUR-PGL4-LIQ,Polyglyceryl-4 laurate (premium non-ionic emulsifier),,Surfactants,Non-ionic ester & glucoside,combo,2,"EU,NA",Amber viscous liquid,22.0,22.0,27321-96-6,True,Emulsification
SUR-BTAC-PST,"Behentrimonium chloride (BTAC, dominant cationic hair conditioner)",,Surfactants,Cationic amines & quaternaries,combo,3,"APAC,EU,NA",Off-white waxy paste/solid,20.0,20.0,17301-53-0,True,Conditioning & softening
SUR-CTAC-LIQ,"Cetrimonium chloride (CTAC, common cationic hair conditioning surfactant)",,Surfactants,Cationic amines & quaternaries,combo,4,"APAC,EU,IN,NA",Clear to hazy liquid (25-30% active),18.0,18.0,112-02-7,True,Conditioning & softening
SUR-SLSAR-LIQ,Sodium lauroyl sarcosinate (mild anionic foaming surfactant),,Surfactants,Anionic specialty,combo,3,"APAC,EU,NA",Clear liquid solution (~30% active),20.0,20.0,137-16-6,True,Surfactancy / primary cleaning
F24-PQ10-PWD,"Polyquaternium-10 (PQ-10, cationic conditioning polymer)",,Water-Soluble Polymers,Cationic conditioning polymers,combo,3,"APAC,EU,NA",White to cream powder,24.0,24.0,53568-66-4,True,Conditioning & softening
F23-SALAC-PWD,"Salicylic acid (BHA), cosmetic grade",,Fine Chemicals & Actives,Dermatological actives,combo,4,"CN,EU,IN,NA",White crystalline powder,22.0,22.0,69-72-7,True,Exfoliation & dermatological
F23-GLYAC-LIQ,"Glycolic acid 70% (alpha-hydroxy acid, AHA)",,Fine Chemicals & Actives,Dermatological actives,combo,3,"CN,EU,NA",Clear aqueous solution (70%),22.0,22.0,79-14-1,True,Exfoliation & dermatological
BCI-BENZ-LIQ,"Benzene (BTX aromatic, foundational petrochemical)",,Petrochemicals & Derivatives,Petrochemical building blocks,combo,4,"APAC,CN,EU,NA",Liquid,8.0,8.0,71-43-2,True,Base chemical / feedstock
BCI-EO-LIQ,"Ethylene oxide (EO, key EO-derivatives feedstock)",,Petrochemicals & Derivatives,Petrochemical building blocks,combo,3,"APAC,EU,NA",Liquid (pressurized),12.0,12.0,75-21-8,True,Base chemical / feedstock
BCI-ACN-LIQ,"Acrylonitrile (AN, ABS/acrylic fiber/NBR feedstock)",,Petrochemicals & Derivatives,Petrochemical building blocks,combo,4,"APAC,CN,EU,NA","Liquid, toxic",10.0,10.0,107-13-1,True,Base chemical / feedstock
BCI-AA-LIQ,"Acrylic acid (AA, monomer for SAP/coatings/acrylate esters)",,Petrochemicals & Derivatives,Petrochemical building blocks,combo,4,"APAC,CN,EU,NA","Liquid, inhibited, acrid odor",13.0,13.0,79-10-7,True,Base chemical / feedstock
BCI-PHOL-SOL,"Phenol (cumene process, BPA/caprolactam feedstock)",,Petrochemicals & Derivatives,Petrochemical building blocks,combo,3,"APAC,EU,NA",White crystalline solid/molten liquid,12.0,12.0,108-95-2,True,Base chemical / feedstock
BCI-BPA-PWD,"Bisphenol A (BPA, polycarbonate/epoxy feedstock)",,Petrochemicals & Derivatives,Petrochemical building blocks,combo,3,"APAC,EU,NA",White crystalline flakes/prills,15.0,15.0,80-05-7,True,Base chemical / feedstock
BCI-CHEX-LIQ,Cyclohexane (caprolactam/adipic acid feedstock),,Petrochemicals & Derivatives,Petrochemical building blocks,combo,3,"APAC,EU,NA","Liquid, mild sweet odor",8.0,8.0,110-82-7,True,Base chemical / feedstock
BCI-PX-LIQ,"Paraxylene (PX, PTA/PET feedstock)",,Petrochemicals & Derivatives,Petrochemical building blocks,combo,4,"APAC,CN,EU,NA",Colorless liquid,13.0,13.0,106-42-3,True,Base chemical / feedstock
BCI-OX-LIQ,"Orthoxylene (OX, phthalic anhydride feedstock)",,Petrochemicals & Derivatives,Petrochemical building blocks,combo,3,"APAC,EU,NA",Colorless liquid,13.0,13.0,95-47-6,True,Base chemical / feedstock
BCI-PTA-PWD,"Purified terephthalic acid (PTA, PET feedstock)",,Petrochemicals & Derivatives,Petrochemical building blocks,combo,4,"APAC,CN,EU,NA",White crystalline powder,12.0,12.0,100-21-0,True,Base chemical / feedstock
BCI-PIA-PWD,"Purified isophthalic acid (PIA, PET modifier)",,Petrochemicals & Derivatives,Petrochemical building blocks,combo,3,"APAC,EU,NA",White crystalline powder,13.0,13.0,121-91-5,True,Base chemical / feedstock
BCI-PO-LIQ,"Propylene oxide (PO, polyether polyols/PG feedstock)",,Petrochemicals & Derivatives,Petrochemical building blocks,combo,3,"APAC,EU,NA",Colorless volatile liquid,16.0,16.0,75-56-9,True,Base chemical / feedstock
BCI-MMA-LIQ,"Methyl methacrylate (MMA, PMMA/coatings monomer)",,Petrochemicals & Derivatives,Petrochemical building blocks,combo,3,"APAC,EU,NA","Colorless liquid, acrid odor, inhibited",18.0,18.0,80-62-6,True,Base chemical / feedstock
BCI-NPG-PWD,"Neopentyl glycol (NPG, polyester resin/coatings polyol)",,Petrochemicals & Derivatives,Petrochemical building blocks,combo,3,"APAC,EU,NA",White crystalline flakes,16.0,16.0,126-30-7,True,Base chemical / feedstock
BCI-TMP-PWD,"Trimethylolpropane (TMP, polyol for resins/lubricant esters)",,Petrochemicals & Derivatives,Petrochemical building blocks,combo,2,"EU,NA",White crystalline flakes,18.0,18.0,77-99-6,True,Base chemical / feedstock
BCI-PENTA-PWD,"Pentaerythritol (penta, alkyd resin/rosin ester polyol)",,Petrochemicals & Derivatives,Petrochemical building blocks,combo,3,"CN,EU,NA",White crystalline powder,16.0,16.0,115-77-5,True,Base chemical / feedstock
BCI-HEX1-LIQ,Hexene-1 (LLDPE/LDPE comonomer),,Petrochemicals & Derivatives,Petrochemical building blocks,combo,2,"APAC,NA",Colorless liquid,18.0,18.0,592-41-6,True,Base chemical / feedstock
RES-LLDPE-PEL,LLDPE linear low density polyethylene pellets,,Plastics & Resins,Polyolefins,combo,4,"APAC,CN,EU,NA",Translucent pellets,10.0,10.0,25087-34-7,True,Commodity thermoplastics
BCI-MEA-LIQ,"Ethanolamine (MEA/DEA/TEA, EO derivative for gas treating/personal care)",,Petrochemicals & Derivatives,Petrochemical building blocks,combo,3,"APAC,EU,NA",Clear viscous liquid (MEA) / waxy solid (TEA),16.0,16.0,141-43-5,True,Base chemical / feedstock
SUR-FAE-LIQ,"Fatty alcohol ethoxylates (FAE, non-ionic surfactant)",,Surfactants,Non-ionic ethoxylates,combo,3,"APAC,EU,NA",Clear to hazy liquid or waxy paste,14.0,14.0,68439-50-9,True,Emulsification
BCI-POLYOL-LIQ,"Polyether polyols (flexible/rigid, PU foam feedstock)",,Petrochemicals & Derivatives,Petrochemical building blocks,combo,3,"APAC,EU,NA",Viscous clear to pale yellow liquid,18.0,18.0,9082-00-2,True,Base chemical / feedstock
BCI-LAO8-LIQ,"1-Octene (linear alpha olefin C8, NEODENE 8-type)",,Petrochemicals & Derivatives,Petrochemical building blocks,combo,3,"CN,EU,NA",Colorless liquid,18.0,18.0,111-66-0,True,Base chemical / feedstock
BCI-LAO1012-LIQ,"Linear alpha olefins C10-C12 (1-decene/1-dodecene, NEODENE 10/12-type)",,Petrochemicals & Derivatives,Petrochemical building blocks,combo,3,"CN,EU,NA",Colorless liquid,15.0,15.0,872-05-9,True,Base chemical / feedstock
BCI-LAO1418-LIQ,"Linear alpha olefins C14-C18 (detergent-range, NEODENE 14-18-type)",,Petrochemicals & Derivatives,Petrochemical building blocks,combo,2,"EU,NA",Colorless to pale yellow liquid,15.0,15.0,25339-56-4,True,Base chemical / feedstock
BCI-NEOFLO-LIQ,"Internal olefins C14-C18 (NEOFLO-type, EOR/drilling fluid niche)",,Petrochemicals & Derivatives,Petrochemical building blocks,combo,1,NA,Pale yellow liquid,16.0,16.0,93762-14-4,True,Base chemical / feedstock
OLE-NEOD23-LIQ,Synthetic detergent alcohol C12-C13 (NEODOL 23-type),,Oleochemicals,Synthetic alcohols,combo,2,"EU,NA",Colorless waxy solid/liquid (mp ~22°C),15.0,15.0,75782-86-4,True,Base chemical / feedstock
OLE-NEOD45-PWD,Synthetic detergent alcohol C14-C15 (NEODOL 45-type),,Oleochemicals,Synthetic alcohols,combo,2,"EU,NA",White waxy solid,15.0,15.0,68526-85-2,True,Base chemical / feedstock
OLE-LINEVOL911-LIQ,"Plasticizer alcohol C9-C11 (LINEVOL 911-type, phthalate-free plasticizer precursor)",,Oleochemicals,Synthetic alcohols,combo,2,"EU,NA",Colorless liquid,16.0,16.0,68526-83-0,True,Base chemical / feedstock
SUR-NEODEO-LIQ,NEODOL ethoxylates (synthetic alcohol ethoxylate C12-C15 + 7-9 EO),,Surfactants,Non-ionic ethoxylates,combo,2,"EU,NA",Clear to hazy liquid,15.0,15.0,68439-46-9,True,Emulsification
BCI-STY-LIQ,Styrene monomer (ethylbenzene dehydrogenation/SMPO route),,Petrochemicals & Derivatives,Petrochemical building blocks,combo,3,"APAC,EU,NA","Colorless liquid, sweet odor",10.0,10.0,100-42-5,True,Base chemical / feedstock
BCI-BD-LIQ,"Butadiene (BD, synthetic rubber/ABS feedstock)",,Petrochemicals & Derivatives,Petrochemical building blocks,combo,3,"APAC,EU,NA","Colorless gas, liquefied under pressure",12.0,12.0,106-99-0,True,Base chemical / feedstock
BCI-DEG-LIQ,"Diethylene glycol (DEG, MEG co-product)",,Petrochemicals & Derivatives,Petrochemical building blocks,combo,3,"APAC,EU,NA","Colorless, odorless, hygroscopic liquid",10.0,10.0,111-46-6,True,Base chemical / feedstock
BCI-TEG-LIQ,"Triethylene glycol (TEG, natural gas dehydration)",,Petrochemicals & Derivatives,Petrochemical building blocks,combo,3,"EU,MEA,NA","Colorless, odorless, hygroscopic liquid",13.0,13.0,112-27-6,True,Base chemical / feedstock
BCI-EC-LIQ,"Ethylene carbonate (EC, battery electrolyte solvent)",,Petrochemicals & Derivatives,Petrochemical building blocks,combo,3,"CN,EU,NA","Crystalline solid, mp 36°C",18.0,18.0,96-49-1,True,Base chemical / feedstock
BCI-PC-LIQ,"Propylene carbonate (PC, battery electrolyte/solvent)",,Petrochemicals & Derivatives,Petrochemical building blocks,combo,3,"CN,EU,NA",Colorless liquid,18.0,18.0,108-32-7,True,Base chemical / feedstock
MIN-SORBMONO-LIQ,"Sorbitan monooleate (Span 80-type, W/O emulsifier)",,Oleochemicals,Fatty acids & derivatives,combo,4,"APAC,EU,LA,NA",Amber viscous liquid,15.0,15.0,1338-43-8,True,"Emulsification,Mineral flotation & extraction"
MIN-EMULEXP-LIQ,Bulk emulsion explosive (ammonium nitrate/fuel-oil emulsion),,Oleochemicals,Fatty acids & derivatives,combo,4,"APAC,LA,MEA,NA",Viscous water-in-oil emulsion,8.0,8.0,,True,Mineral flotation & extraction
BCI-ACETAC-LIQ,Acetic acid (methanol carbonylation route),,Petrochemicals & Derivatives,Petrochemical building blocks,combo,4,"APAC,CN,EU,NA","Colorless liquid, pungent odor",14.0,14.0,64-19-7,True,Base chemical / feedstock
BCI-VAM-LIQ,Vinyl acetate monomer (VAM),,Petrochemicals & Derivatives,Petrochemical building blocks,combo,3,"CN,EU,NA","Colorless liquid, sweet odor",15.0,15.0,108-05-4,True,Base chemical / feedstock
BCI-CAPRO-PWD,Caprolactam (nylon 6 feedstock),,Petrochemicals & Derivatives,Petrochemical building blocks,combo,4,"APAC,CN,EU,NA",White crystalline flakes/molten liquid,16.0,16.0,105-60-2,True,Base chemical / feedstock
BCI-ADIPAC-PWD,Adipic acid (nylon 66 feedstock),,Petrochemicals & Derivatives,Petrochemical building blocks,combo,3,"CN,EU,NA",White crystalline powder,14.0,14.0,124-04-9,True,Base chemical / feedstock
BCI-PHAN-PWD,"Phthalic anhydride (PA, plasticizer/alkyd resin feedstock)",,Petrochemicals & Derivatives,Petrochemical building blocks,combo,4,"APAC,CN,EU,NA",White flakes/molten liquid,11.0,11.0,85-44-9,True,Base chemical / feedstock
BCI-MALAN-PWD,"Maleic anhydride (MA, UPR/BDO feedstock)",,Petrochemicals & Derivatives,Petrochemical building blocks,combo,3,"APAC,EU,NA",White flakes/briquettes,15.0,15.0,108-31-6,True,Base chemical / feedstock
BCI-ANIL-LIQ,Aniline (MDI feedstock),,Petrochemicals & Derivatives,Petrochemical building blocks,combo,3,"CN,EU,NA",Colorless to pale yellow liquid,13.0,13.0,62-53-3,True,Base chemical / feedstock
BCI-ACAN-LIQ,Acetic anhydride (cellulose acetate/pharma feedstock),,Petrochemicals & Derivatives,Petrochemical building blocks,combo,3,"CN,EU,NA","Colorless liquid, pungent odor",15.0,15.0,108-24-7,True,Base chemical / feedstock
RES-UPR-LIQ,Unsaturated polyester resin (UPR),,Plastics & Resins,Polyester resins,combo,4,"APAC,CN,EU,NA","Viscous liquid resin, dissolved in styrene",16.0,16.0,25038-59-9,True,Film formation & binding
POL-PVOH-PWD,Polyvinyl alcohol (PVOH),,Water-Soluble Polymers,Synthetic water-soluble,combo,3,"CN,EU,NA",White to cream powder/granules,18.0,18.0,9002-89-5,True,Film formation & binding
SOL-DMF-LIQ,DMF (dimethylformamide),,Solvents,Polar aprotic solvents,combo,3,"CN,EU,NA","Colorless liquid, mild amine odor",16.0,16.0,68-12-2,True,Solvent & carrier
BCI-MELAM-PWD,Melamine (laminate/coating resin feedstock),,Petrochemicals & Derivatives,Petrochemical building blocks,combo,3,"CN,EU,NA",White crystalline powder,15.0,15.0,108-78-1,True,Base chemical / feedstock
FOD-SORB-LIQ,Sorbitol (glucose hydrogenation),,,,partial,3,"CN,EU,NA",Clear viscous liquid/Clear viscous liquid (70%) or crystalline powder,16.0,16.0,50-70-4,True,Texturising & gelling
MIN-ACPHOS-LIQ·GL,Phosphate Depressants,Modified phosphoric acid depressants (Acco-Phos-type),Phosphorus Chemicals,Mining reagents,flat,1,GL,,,,,False,
MIN-CYBK-LIQ·GL,Mining Defoamers,Foam control agents for alumina processing (Cybreak-type),Surfactants,Mining reagents,flat,1,GL,,,,,False,
MIN-CYFLOC-LIQ·GL,Red Mud Flocculants,High-MW anionic PAM flocculants for red mud settling (Cyfloc-type),Water-Soluble Polymers,Mining reagents,flat,1,GL,,,,,False,
MIN-CYQST-LIQ·GL,Mining Dispersants & CGMs,Polyacrylate dispersants and crystal growth modifiers (Cyquest-type),Water-Soluble Polymers,Mining reagents,flat,1,GL,,,,,False,
MIN-MAXHT-LIQ·GL,Alumina Scale Inhibitors,Sodalite scale inhibitors for Bayer-process alumina (Max HT-type),Fine Chemicals & Actives,Mining reagents,flat,1,GL,,,,,False,
MIN-OREP-LIQ·GL,Polyglycol Frothers,Polyglycol ether frothers (Oreprep-type),Petrochemicals & Derivatives,Mining reagents,flat,1,GL,,,,,False,
AGR-PH3-CYL·GL,Pure Phosphine Fumigant,Pure phosphine gas for blended fumigation systems (VaporPH3OS-type),Crop Protection Chemicals,Fumigants,flat,1,GL,,,,,False,
AGR-PH3MIX-CYL·GL,Phosphine/CO₂ Fumigant Gas,Phosphine/CO₂ premix fumigant for stored grain (Eco2Fume-type),Crop Protection Chemicals,Fumigants,flat,1,GL,,,,,False,
PFC-ANTIST-LIQ·GL,Polymer Antistatic Agents,Internal and external antistatic agents for polymer processing,Plastics & Resins,Polymer additives,flat,1,GL,,,,,False,
PFC-HALS-GRN·GL,HALS UV Stabilisers,Hindered amine light stabilisers for polyolefins and coatings (Cyasorb-type),Plastics & Resins,Polymer additives,flat,1,GL,,,,,False,
PFC-UVA-GRN·GL,UV Absorbers (Benzotriazole),Benzotriazole and triazine UV absorbers for polymers and coatings (Cyasorb-type),Plastics & Resins,Polymer additives,flat,1,GL,,,,,False,
ELA-COADH-PWD·GL,Cobalt Rubber-Metal Adhesion Promoters,Cobalt boron neodecanoate and cobalt stearate for steel cord-to-rubber adhesion in tires (Manobond-type),Elastomers,Rubber chemicals,flat,1,GL,,,,,False,
SOL-RHDIA-LIQ·GL,Bio-Based Specialty Solvents,Green and bio-based specialty solvents (Rhodiasolv-type),Solvents,Bio-based solvents,flat,1,GL,,,,,False,
SUR-ADIBD-LIQ·GL,Coating Adhesion Promoter Polymers,Polymer additives for metal treatment adhesion and corrosion resistance (Addibond-type),Surfactants,Metal treatment additives,flat,1,GL,,,,,False,
SUR-ALKAM-LIQ·GL,Sorbitan Ester Emulsifiers,Sorbitan and ethoxylated sorbitan ester emulsifiers (Alkamuls-type),Surfactants,Non-ionic emulsifiers,flat,1,GL,,,,,False,
SUR-SIPOM-LIQ·GL,Reactive Surfactant Monomers,Polymerisable surfactants and specialty monomers for emulsion polymerisation (Sipomer-type),Surfactants,Emulsion polymerisation aids,flat,1,GL,,,,,False,
LUB-PHOS-LIQ·GL,Phosphate Ester Wire Drawing Additives,Phosphate ester EP/AW additives for wire drawing and metalworking emulsions (Lubrhophos-type),Surfactants,Metalworking fluid additives,flat,1,GL,,,,,False,
