commodity_key,year,quarter,value,n_months,source
acrylic-acid-cn,2026,3,57.73,3,mockup-forecast
acrylic-acid-cn,2026,4,56.32,3,mockup-forecast
acrylic-acid-eu,2026,3,64.6567,3,mockup-forecast
acrylic-acid-eu,2026,4,63.0833,3,mockup-forecast
acrylic-acid-na,2026,3,59.04,3,mockup-forecast
acrylic-acid-na,2026,4,57.6,3,mockup-forecast
acrylonitrile-cn,2026,3,57.6,3,mockup-forecast
acrylonitrile-cn,2026,4,56.7267,3,mockup-forecast
acrylonitrile-eu,2026,3,81.6467,3,mockup-forecast
acrylonitrile-eu,2026,4,80.9067,3,mockup-forecast
acrylonitrile-na,2026,3,82.0833,3,mockup-forecast
acrylonitrile-na,2026,4,81.34,3,mockup-forecast
alkalies-chlorine-ppi,2026,3,72.51,3,mockup-forecast
alkalies-chlorine-ppi,2026,4,72.51,3,mockup-forecast
aluminum,2026,3,140.5,3,mockup-forecast
aluminum,2026,4,140.5,3,mockup-forecast
ammonia-eu,2026,3,104.0,3,mockup-forecast
ammonia-eu,2026,4,104.0,3,mockup-forecast
ammonia-in,2026,3,117.2,3,mockup-forecast
ammonia-in,2026,4,117.2,3,mockup-forecast
ammonia-mea,2026,3,118.5,3,mockup-forecast
ammonia-mea,2026,4,118.5,3,mockup-forecast
ammonia-na,2026,3,91.6667,3,mockup-forecast
ammonia-na,2026,4,76.4333,3,mockup-forecast
aromatics-ppi,2026,3,117.85,3,mockup-forecast
aromatics-ppi,2026,4,117.85,3,mockup-forecast
base-oil-apac,2026,3,80.0,3,mockup-forecast
base-oil-apac,2026,4,80.0,3,mockup-forecast
base-oil-eu,2026,3,69.5,3,mockup-forecast
base-oil-eu,2026,4,69.5,3,mockup-forecast
base-oil-na,2026,3,100.4333,3,mockup-forecast
base-oil-na,2026,4,66.6667,3,mockup-forecast
benzene-apac,2026,3,105.5,3,mockup-forecast
benzene-apac,2026,4,105.5,3,mockup-forecast
benzene-cn,2026,3,109.0,3,mockup-forecast
benzene-cn,2026,4,109.0,3,mockup-forecast
benzene-eu,2026,3,112.8,3,mockup-forecast
benzene-eu,2026,4,112.8,3,mockup-forecast
benzene-na,2026,3,105.4667,3,mockup-forecast
benzene-na,2026,4,86.8,3,mockup-forecast
bpa-apac,2026,3,86.66,3,mockup-forecast
bpa-apac,2026,4,85.87,3,mockup-forecast
bpa-cn,2026,3,74.0333,3,mockup-forecast
bpa-cn,2026,4,73.3633,3,mockup-forecast
bpa-eu,2026,3,89.2,3,mockup-forecast
bpa-eu,2026,4,88.39,3,mockup-forecast
brent,2026,3,95.9667,3,mockup-forecast
brent,2026,4,81.5333,3,mockup-forecast
caprolactam-cn,2026,3,98.0767,3,mockup-forecast
caprolactam-cn,2026,4,97.19,3,mockup-forecast
caprolactam-eu,2026,3,110.7633,3,mockup-forecast
caprolactam-eu,2026,4,109.7567,3,mockup-forecast
caprolactam-na,2026,3,85.63,3,mockup-forecast
caprolactam-na,2026,4,84.86,3,mockup-forecast
caustic-soda-cn,2026,3,90.8,3,mockup-forecast
caustic-soda-cn,2026,4,88.1333,3,mockup-forecast
caustic-soda-eu,2026,3,67.5,3,mockup-forecast
caustic-soda-eu,2026,4,67.5,3,mockup-forecast
caustic-soda-in,2026,3,84.0,3,mockup-forecast
caustic-soda-in,2026,4,84.0,3,mockup-forecast
caustic-soda-na,2026,3,72.3,3,mockup-forecast
caustic-soda-na,2026,4,72.3,3,mockup-forecast
caustic-soda-ppi,2026,3,63.82,3,mockup-forecast
caustic-soda-ppi,2026,4,63.82,3,mockup-forecast
chlor-naoh-ppi,2026,3,72.34,3,mockup-forecast
chlor-naoh-ppi,2026,4,72.34,3,mockup-forecast
coal-au,2026,3,31.9,3,mockup-forecast
coal-au,2026,4,27.3,3,mockup-forecast
coconut-oil-wb,2026,3,219.53,3,mockup-forecast
coconut-oil-wb,2026,4,219.53,3,mockup-forecast
copper,2026,3,136.2,3,mockup-forecast
copper,2026,4,136.2,3,mockup-forecast
corn,2026,3,71.2,3,mockup-forecast
corn,2026,4,71.2,3,mockup-forecast
corn-na,2026,3,64.0333,3,mockup-forecast
corn-na,2026,4,59.1667,3,mockup-forecast
cpo,2026,3,92.0,3,mockup-forecast
cpo,2026,4,91.2333,3,mockup-forecast
dap,2026,3,99.3,3,mockup-forecast
dap,2026,4,90.2,3,mockup-forecast
elec-cn,2026,3,95.6,3,mockup-forecast
elec-cn,2026,4,95.0667,3,mockup-forecast
elec-eu,2026,3,89.7667,3,mockup-forecast
elec-eu,2026,4,89.0,3,mockup-forecast
elec-in,2026,3,99.2333,3,mockup-forecast
elec-in,2026,4,98.5,3,mockup-forecast
elec-mea,2026,3,98.2333,3,mockup-forecast
elec-mea,2026,4,97.5,3,mockup-forecast
elec-na,2026,3,90.5,3,mockup-forecast
elec-na,2026,4,89.7667,3,mockup-forecast
elec-power-ppi,2026,3,108.37,3,mockup-forecast
elec-power-ppi,2026,4,108.37,3,mockup-forecast
ethanol-ppi,2026,3,82.22,3,mockup-forecast
ethanol-ppi,2026,4,82.22,3,mockup-forecast
ethylene-propylene-cn,2026,3,107.0,3,mockup-forecast
ethylene-propylene-cn,2026,4,107.0,3,mockup-forecast
ethylene-propylene-eu,2026,3,98.0,3,mockup-forecast
ethylene-propylene-eu,2026,4,98.0,3,mockup-forecast
ethylene-propylene-na,2026,3,92.7333,3,mockup-forecast
ethylene-propylene-na,2026,4,65.9667,3,mockup-forecast
fatty-acids-ppi,2026,3,125.41,3,mockup-forecast
fatty-acids-ppi,2026,4,125.41,3,mockup-forecast
gas-brazil,2026,3,115.9667,3,mockup-forecast
gas-brazil,2026,4,107.5667,3,mockup-forecast
gas-china,2026,3,122.6333,3,mockup-forecast
gas-china,2026,4,119.0,3,mockup-forecast
gas-india,2026,3,118.1,3,mockup-forecast
gas-india,2026,4,111.2667,3,mockup-forecast
gas-mea,2026,3,165.5,3,mockup-forecast
gas-mea,2026,4,150.8333,3,mockup-forecast
gold,2026,3,241.4,3,mockup-forecast
gold,2026,4,241.4,3,mockup-forecast
guar-gum,2026,3,122.0,3,mockup-forecast
guar-gum,2026,4,122.0,3,mockup-forecast
gum-wood-na,2026,3,97.2,3,mockup-forecast
gum-wood-na,2026,4,97.2,3,mockup-forecast
hdpe-cn,2026,3,90.4,3,mockup-forecast
hdpe-cn,2026,4,90.4,3,mockup-forecast
hdpe-eu,2026,3,106.1,3,mockup-forecast
hdpe-eu,2026,4,106.1,3,mockup-forecast
hdpe-na,2026,3,106.4667,3,mockup-forecast
hdpe-na,2026,4,86.4667,3,mockup-forecast
hides-gl,2026,3,97.8,3,mockup-forecast
hides-gl,2026,4,97.8,3,mockup-forecast
ilmenite,2026,3,103.0,3,mockup-forecast
ilmenite,2026,4,103.0,3,mockup-forecast
industrial-chemicals,2026,3,94.2,3,mockup-forecast
industrial-chemicals,2026,4,81.5,3,mockup-forecast
inorg-chem-ppi,2026,3,105.2,3,mockup-forecast
inorg-chem-ppi,2026,4,105.2,3,mockup-forecast
iron-ore,2026,3,83.6,3,mockup-forecast
iron-ore,2026,4,83.6,3,mockup-forecast
iron-scrap-eu,2026,3,116.4,3,mockup-forecast
iron-scrap-eu,2026,4,116.4,3,mockup-forecast
iron-scrap-na,2026,3,100.4667,3,mockup-forecast
iron-scrap-na,2026,4,94.2667,3,mockup-forecast
kcl-wb,2026,3,78.9,3,mockup-forecast
kcl-wb,2026,4,78.9,3,mockup-forecast
lab-apac,2026,3,108.0,3,mockup-forecast
lab-apac,2026,4,107.0,3,mockup-forecast
lab-eu,2026,3,109.0,3,mockup-forecast
lab-eu,2026,4,108.0,3,mockup-forecast
lab-in,2026,3,112.0,3,mockup-forecast
lab-in,2026,4,111.0,3,mockup-forecast
lab-mea,2026,3,104.6667,3,mockup-forecast
lab-mea,2026,4,103.3333,3,mockup-forecast
lab-na,2026,3,110.0,3,mockup-forecast
lab-na,2026,4,109.0,3,mockup-forecast
lci-apac,2026,3,122.1233,3,mockup-forecast
lci-apac,2026,4,123.77,3,mockup-forecast
lci-cn,2026,3,115.28,3,mockup-forecast
lci-cn,2026,4,116.42,3,mockup-forecast
lci-eu,2026,3,115.5,3,mockup-forecast
lci-eu,2026,4,116.49,3,mockup-forecast
lci-in,2026,3,127.29,3,mockup-forecast
lci-in,2026,4,129.31,3,mockup-forecast
lci-la,2026,3,132.62,3,mockup-forecast
lci-la,2026,4,135.0433,3,mockup-forecast
lci-mea,2026,3,120.06,3,mockup-forecast
lci-mea,2026,4,121.5333,3,mockup-forecast
lci-na,2026,3,111.6,3,mockup-forecast
lci-na,2026,4,111.6,3,mockup-forecast
lead,2026,3,89.9,3,mockup-forecast
lead,2026,4,89.9,3,mockup-forecast
lime-na,2026,3,123.9,3,mockup-forecast
lime-na,2026,4,123.9,3,mockup-forecast
lng-japan,2026,3,82.6,3,mockup-forecast
lng-japan,2026,4,63.1667,3,mockup-forecast
lng-jkm-asia,2026,3,150.0,3,mockup-forecast
lng-jkm-asia,2026,4,150.0,3,mockup-forecast
methanol-na,2026,3,241.5333,3,mockup-forecast
methanol-na,2026,4,159.8333,3,mockup-forecast
mma-cn,2026,3,88.0367,3,mockup-forecast
mma-cn,2026,4,87.2433,3,mockup-forecast
mma-eu,2026,3,119.28,3,mockup-forecast
mma-eu,2026,4,118.2,3,mockup-forecast
mop,2026,3,76.1,3,mockup-forecast
mop,2026,4,76.1,3,mockup-forecast
natgas-na,2026,3,84.3333,3,mockup-forecast
natgas-na,2026,4,79.0,3,mockup-forecast
natgas-ppi,2026,3,32.87,3,mockup-forecast
natgas-ppi,2026,4,32.87,3,mockup-forecast
nickel,2026,3,66.8,3,mockup-forecast
nickel,2026,4,66.8,3,mockup-forecast
orange-gl,2026,3,82.67,3,mockup-forecast
orange-gl,2026,4,82.67,3,mockup-forecast
phosphates-ppi,2026,3,116.46,3,mockup-forecast
phosphates-ppi,2026,4,116.46,3,mockup-forecast
phthalic-anhydride-eu,2026,3,78.0967,3,mockup-forecast
phthalic-anhydride-eu,2026,4,77.3933,3,mockup-forecast
pko,2026,3,91.7667,3,mockup-forecast
pko,2026,4,91.0,3,mockup-forecast
ppi-na,2026,3,107.0,3,mockup-forecast
ppi-na,2026,4,98.9,3,mockup-forecast
primary-organics-ppi,2026,3,121.15,3,mockup-forecast
primary-organics-ppi,2026,4,121.15,3,mockup-forecast
refinery-gases-ppi,2026,3,110.64,3,mockup-forecast
refinery-gases-ppi,2026,4,110.64,3,mockup-forecast
rubber,2026,3,137.0667,3,mockup-forecast
rubber,2026,4,115.6333,3,mockup-forecast
rutile,2026,3,78.0,3,mockup-forecast
rutile,2026,4,78.0,3,mockup-forecast
salt-ppi,2026,3,98.69,3,mockup-forecast
salt-ppi,2026,4,98.69,3,mockup-forecast
silicon-metal-cn,2026,3,80.0,3,mockup-forecast
silicon-metal-cn,2026,4,80.0,3,mockup-forecast
silicon-metal-mb,2026,3,80.0,3,mockup-forecast
silicon-metal-mb,2026,4,80.0,3,mockup-forecast
silicon-metal-na,2026,3,80.0,3,mockup-forecast
silicon-metal-na,2026,4,80.0,3,mockup-forecast
silver,2026,3,318.4,3,mockup-forecast
silver,2026,4,318.4,3,mockup-forecast
soybean-oil,2026,3,101.3667,3,mockup-forecast
soybean-oil,2026,4,77.8,3,mockup-forecast
sulfuric-acid-cn,2026,3,198.8333,3,mockup-forecast
sulfuric-acid-cn,2026,4,172.8333,3,mockup-forecast
sulfuric-acid-eu,2026,3,206.8,3,mockup-forecast
sulfuric-acid-eu,2026,4,206.8,3,mockup-forecast
sulfuric-acid-na,2026,3,117.6667,3,mockup-forecast
sulfuric-acid-na,2026,4,107.8667,3,mockup-forecast
synthetic-rubber,2026,3,129.1,3,mockup-forecast
synthetic-rubber,2026,4,129.1,3,mockup-forecast
tallow-ppi,2026,3,90.88,3,mockup-forecast
tallow-ppi,2026,4,90.88,3,mockup-forecast
tin,2026,3,189.0,3,mockup-forecast
tin,2026,4,189.0,3,mockup-forecast
ttf-eu,2026,3,74.9667,3,mockup-forecast
ttf-eu,2026,4,53.1333,3,mockup-forecast
urea,2026,3,133.0333,3,mockup-forecast
urea,2026,4,90.6667,3,mockup-forecast
water-eu,2026,3,112.7,3,mockup-forecast
water-eu,2026,4,112.7,3,mockup-forecast
wheat,2026,3,61.3333,3,mockup-forecast
wheat,2026,4,49.8667,3,mockup-forecast
wood-pulp-na,2026,3,74.8,3,mockup-forecast
wood-pulp-na,2026,4,74.8,3,mockup-forecast
wti,2026,3,87.0,3,mockup-forecast
wti,2026,4,77.4333,3,mockup-forecast
zinc,2026,3,96.4,3,mockup-forecast
zinc,2026,4,96.4,3,mockup-forecast
zinc-gl,2026,3,104.92,3,mockup-forecast
zinc-gl,2026,4,104.92,3,mockup-forecast
