series_key,year,quarter,value,n_months,kind
acrylic-acid-cn,2023,1,99.8567,3,actual
acrylic-acid-cn,2023,2,99.4233,3,actual
acrylic-acid-cn,2023,3,98.9867,3,actual
acrylic-acid-cn,2023,4,98.5533,3,actual
acrylic-acid-cn,2024,1,98.1167,3,actual
acrylic-acid-cn,2024,2,97.6833,3,actual
acrylic-acid-cn,2024,3,97.2467,3,actual
acrylic-acid-cn,2024,4,96.8133,3,actual
acrylic-acid-cn,2025,1,86.1333,3,actual
acrylic-acid-cn,2025,2,70.3333,3,actual
acrylic-acid-cn,2025,3,63.51,3,actual
acrylic-acid-cn,2025,4,61.4,3,actual
acrylic-acid-cn,2026,1,60.0433,3,actual
acrylic-acid-cn,2026,2,59.0133,3,actual
acrylic-acid-cn,2026,3,57.73,3,forecast
acrylic-acid-cn,2026,4,56.32,3,forecast
acrylic-acid-eu,2023,1,99.75,3,actual
acrylic-acid-eu,2023,2,99.0067,3,actual
acrylic-acid-eu,2023,3,98.26,3,actual
acrylic-acid-eu,2023,4,97.5167,3,actual
acrylic-acid-eu,2024,1,96.77,3,actual
acrylic-acid-eu,2024,2,96.0233,3,actual
acrylic-acid-eu,2024,3,95.28,3,actual
acrylic-acid-eu,2024,4,94.5333,3,actual
acrylic-acid-eu,2025,1,88.57,3,actual
acrylic-acid-eu,2025,2,80.0,3,actual
acrylic-acid-eu,2025,3,75.6567,3,actual
acrylic-acid-eu,2025,4,72.97,3,actual
acrylic-acid-eu,2026,1,69.9033,3,actual
acrylic-acid-eu,2026,2,66.76,3,actual
acrylic-acid-eu,2026,3,64.6567,3,forecast
acrylic-acid-eu,2026,4,63.0833,3,forecast
acrylic-acid-na,2023,1,99.8767,3,actual
acrylic-acid-na,2023,2,99.5033,3,actual
acrylic-acid-na,2023,3,99.13,3,actual
acrylic-acid-na,2023,4,98.7567,3,actual
acrylic-acid-na,2024,1,98.3867,3,actual
acrylic-acid-na,2024,2,98.0133,3,actual
acrylic-acid-na,2024,3,97.64,3,actual
acrylic-acid-na,2024,4,97.2667,3,actual
acrylic-acid-na,2025,1,90.0567,3,actual
acrylic-acid-na,2025,2,79.43,3,actual
acrylic-acid-na,2025,3,74.4767,3,actual
acrylic-acid-na,2025,4,70.2667,3,actual
acrylic-acid-na,2026,1,65.68,3,actual
acrylic-acid-na,2026,2,61.42,3,actual
acrylic-acid-na,2026,3,59.04,3,forecast
acrylic-acid-na,2026,4,57.6,3,forecast
acrylonitrile-cn,2023,1,96.6933,3,actual
acrylonitrile-cn,2023,2,86.7767,3,actual
acrylonitrile-cn,2023,3,76.86,3,actual
acrylonitrile-cn,2023,4,66.9433,3,actual
acrylonitrile-cn,2024,1,68.08,3,actual
acrylonitrile-cn,2024,2,74.75,3,actual
acrylonitrile-cn,2024,3,66.8533,3,actual
acrylonitrile-cn,2024,4,66.2667,3,actual
acrylonitrile-cn,2025,1,67.93,3,actual
acrylonitrile-cn,2025,2,60.4,3,actual
acrylonitrile-cn,2025,3,60.91,3,actual
acrylonitrile-cn,2025,4,61.01,3,actual
acrylonitrile-cn,2026,1,59.19,3,actual
acrylonitrile-cn,2026,2,58.4333,3,actual
acrylonitrile-cn,2026,3,57.6,3,forecast
acrylonitrile-cn,2026,4,56.7267,3,forecast
acrylonitrile-eu,2023,1,99.8433,3,actual
acrylonitrile-eu,2023,2,99.3767,3,actual
acrylonitrile-eu,2023,3,98.9133,3,actual
acrylonitrile-eu,2023,4,98.4467,3,actual
acrylonitrile-eu,2024,1,97.9833,3,actual
acrylonitrile-eu,2024,2,97.5167,3,actual
acrylonitrile-eu,2024,3,97.0467,3,actual
acrylonitrile-eu,2024,4,96.5833,3,actual
acrylonitrile-eu,2025,1,93.35,3,actual
acrylonitrile-eu,2025,2,88.73,3,actual
acrylonitrile-eu,2025,3,84.11,3,actual
acrylonitrile-eu,2025,4,83.62,3,actual
acrylonitrile-eu,2026,1,83.4767,3,actual
acrylonitrile-eu,2026,2,82.4767,3,actual
acrylonitrile-eu,2026,3,81.6467,3,forecast
acrylonitrile-eu,2026,4,80.9067,3,forecast
acrylonitrile-na,2023,1,99.8033,3,actual
acrylonitrile-na,2023,2,99.2133,3,actual
acrylonitrile-na,2023,3,98.6267,3,actual
acrylonitrile-na,2023,4,98.0367,3,actual
acrylonitrile-na,2024,1,97.4467,3,actual
acrylonitrile-na,2024,2,96.8567,3,actual
acrylonitrile-na,2024,3,96.27,3,actual
acrylonitrile-na,2024,4,95.68,3,actual
acrylonitrile-na,2025,1,93.39,3,actual
acrylonitrile-na,2025,2,90.25,3,actual
acrylonitrile-na,2025,3,87.11,3,actual
acrylonitrile-na,2025,4,85.29,3,actual
acrylonitrile-na,2026,1,84.13,3,actual
acrylonitrile-na,2026,2,82.9667,3,actual
acrylonitrile-na,2026,3,82.0833,3,forecast
acrylonitrile-na,2026,4,81.34,3,forecast
alkalies-chlorine-ppi,2026,3,72.51,3,forecast
alkalies-chlorine-ppi,2026,4,72.51,3,forecast
aluminum,2023,1,98.3333,3,actual
aluminum,2023,2,93.3,3,actual
aluminum,2023,3,90.9667,3,actual
aluminum,2023,4,92.5,3,actual
aluminum,2024,1,93.1667,3,actual
aluminum,2024,2,109.8667,3,actual
aluminum,2024,3,100.4333,3,actual
aluminum,2024,4,106.9333,3,actual
aluminum,2025,1,109.5333,3,actual
aluminum,2025,2,102.0,3,actual
aluminum,2025,3,109.1,3,actual
aluminum,2025,4,117.8667,3,actual
aluminum,2026,1,133.0333,3,actual
aluminum,2026,2,140.5,3,actual
aluminum,2026,3,140.5,3,forecast
aluminum,2026,4,140.5,3,forecast
ammonia-eu,2023,1,99.4,3,actual
ammonia-eu,2023,2,97.6,3,actual
ammonia-eu,2023,3,95.8,3,actual
ammonia-eu,2023,4,94.0,3,actual
ammonia-eu,2024,1,92.2,3,actual
ammonia-eu,2024,2,90.4,3,actual
ammonia-eu,2024,3,88.6,3,actual
ammonia-eu,2024,4,90.6,3,actual
ammonia-eu,2025,1,94.5,3,actual
ammonia-eu,2025,2,98.5,3,actual
ammonia-eu,2025,3,102.4,3,actual
ammonia-eu,2025,4,105.1667,3,actual
ammonia-eu,2026,1,105.2667,3,actual
ammonia-eu,2026,2,104.6,3,actual
ammonia-eu,2026,3,104.0,3,forecast
ammonia-eu,2026,4,104.0,3,forecast
ammonia-in,2023,1,99.6,3,actual
ammonia-in,2023,2,98.4,3,actual
ammonia-in,2023,3,97.2,3,actual
ammonia-in,2023,4,96.0,3,actual
ammonia-in,2024,1,94.8,3,actual
ammonia-in,2024,2,93.6,3,actual
ammonia-in,2024,3,92.4,3,actual
ammonia-in,2024,4,93.3333,3,actual
ammonia-in,2025,1,95.2667,3,actual
ammonia-in,2025,2,97.2333,3,actual
ammonia-in,2025,3,99.1333,3,actual
ammonia-in,2025,4,100.1667,3,actual
ammonia-in,2026,1,108.8667,3,actual
ammonia-in,2026,2,116.0667,3,actual
ammonia-in,2026,3,117.2,3,forecast
ammonia-in,2026,4,117.2,3,forecast
ammonia-mea,2023,1,99.5,3,actual
ammonia-mea,2023,2,98.0,3,actual
ammonia-mea,2023,3,96.5,3,actual
ammonia-mea,2023,4,95.0,3,actual
ammonia-mea,2024,1,93.5,3,actual
ammonia-mea,2024,2,92.0,3,actual
ammonia-mea,2024,3,90.5,3,actual
ammonia-mea,2024,4,91.3667,3,actual
ammonia-mea,2025,1,93.4,3,actual
ammonia-mea,2025,2,95.4333,3,actual
ammonia-mea,2025,3,97.4667,3,actual
ammonia-mea,2025,4,98.4333,3,actual
ammonia-mea,2026,1,105.2667,3,actual
ammonia-mea,2026,2,115.4667,3,actual
ammonia-mea,2026,3,118.5,3,forecast
ammonia-mea,2026,4,118.5,3,forecast
ammonia-na,2023,1,89.6,3,actual
ammonia-na,2023,2,67.0,3,actual
ammonia-na,2023,3,57.2333,3,actual
ammonia-na,2023,4,64.1667,3,actual
ammonia-na,2024,1,62.9333,3,actual
ammonia-na,2024,2,62.5,3,actual
ammonia-na,2024,3,58.7333,3,actual
ammonia-na,2024,4,61.9333,3,actual
ammonia-na,2025,1,65.1,3,actual
ammonia-na,2025,2,69.1333,3,actual
ammonia-na,2025,3,69.3,3,actual
ammonia-na,2025,4,75.7667,3,actual
ammonia-na,2026,1,83.8667,3,actual
ammonia-na,2026,2,99.9333,3,actual
ammonia-na,2026,3,91.6667,3,forecast
ammonia-na,2026,4,76.4333,3,forecast
aromatics-ppi,2026,3,117.85,3,forecast
aromatics-ppi,2026,4,117.85,3,forecast
base-oil-apac,2023,1,99.5,3,actual
base-oil-apac,2023,2,98.0,3,actual
base-oil-apac,2023,3,96.5,3,actual
base-oil-apac,2023,4,95.0,3,actual
base-oil-apac,2024,1,93.5,3,actual
base-oil-apac,2024,2,92.0,3,actual
base-oil-apac,2024,3,90.5,3,actual
base-oil-apac,2024,4,89.0,3,actual
base-oil-apac,2025,1,87.5667,3,actual
base-oil-apac,2025,2,86.3,3,actual
base-oil-apac,2025,3,85.0,3,actual
base-oil-apac,2025,4,83.7333,3,actual
base-oil-apac,2026,1,65.7667,3,actual
base-oil-apac,2026,2,76.8,3,actual
base-oil-apac,2026,3,80.0,3,forecast
base-oil-apac,2026,4,80.0,3,forecast
base-oil-eu,2023,1,99.1,3,actual
base-oil-eu,2023,2,96.3333,3,actual
base-oil-eu,2023,3,93.6,3,actual
base-oil-eu,2023,4,90.8333,3,actual
base-oil-eu,2024,1,88.1,3,actual
base-oil-eu,2024,2,85.3333,3,actual
base-oil-eu,2024,3,82.6,3,actual
base-oil-eu,2024,4,79.8333,3,actual
base-oil-eu,2025,1,76.4,3,actual
base-oil-eu,2025,2,71.6,3,actual
base-oil-eu,2025,3,66.8,3,actual
base-oil-eu,2025,4,62.0,3,actual
base-oil-eu,2026,1,61.7,3,actual
base-oil-eu,2026,2,67.8667,3,actual
base-oil-eu,2026,3,69.5,3,forecast
base-oil-eu,2026,4,69.5,3,forecast
base-oil-na,2023,1,101.1667,3,actual
base-oil-na,2023,2,90.3667,3,actual
base-oil-na,2023,3,86.6333,3,actual
base-oil-na,2023,4,96.3667,3,actual
base-oil-na,2024,1,87.2333,3,actual
base-oil-na,2024,2,90.3,3,actual
base-oil-na,2024,3,91.2667,3,actual
base-oil-na,2024,4,83.8667,3,actual
base-oil-na,2025,1,77.7333,3,actual
base-oil-na,2025,2,75.4333,3,actual
base-oil-na,2025,3,74.2,3,actual
base-oil-na,2025,4,71.1333,3,actual
base-oil-na,2026,1,66.3667,3,actual
base-oil-na,2026,2,108.0667,3,actual
base-oil-na,2026,3,100.4333,3,forecast
base-oil-na,2026,4,66.6667,3,forecast
benzene-apac,2023,1,99.7667,3,actual
benzene-apac,2023,2,99.0333,3,actual
benzene-apac,2023,3,98.2667,3,actual
benzene-apac,2023,4,97.5333,3,actual
benzene-apac,2024,1,96.7667,3,actual
benzene-apac,2024,2,96.0333,3,actual
benzene-apac,2024,3,95.2667,3,actual
benzene-apac,2024,4,96.0333,3,actual
benzene-apac,2025,1,97.6,3,actual
benzene-apac,2025,2,99.1333,3,actual
benzene-apac,2025,3,100.7,3,actual
benzene-apac,2025,4,101.0,3,actual
benzene-apac,2026,1,109.4333,3,actual
benzene-apac,2026,2,108.2333,3,actual
benzene-apac,2026,3,105.5,3,forecast
benzene-apac,2026,4,105.5,3,forecast
benzene-cn,2023,1,99.6,3,actual
benzene-cn,2023,2,98.4,3,actual
benzene-cn,2023,3,97.2,3,actual
benzene-cn,2023,4,96.0,3,actual
benzene-cn,2024,1,94.8,3,actual
benzene-cn,2024,2,93.6,3,actual
benzene-cn,2024,3,92.4,3,actual
benzene-cn,2024,4,94.0667,3,actual
benzene-cn,2025,1,97.2333,3,actual
benzene-cn,2025,2,100.3333,3,actual
benzene-cn,2025,3,103.4667,3,actual
benzene-cn,2025,4,100.1667,3,actual
benzene-cn,2026,1,111.3333,3,actual
benzene-cn,2026,2,112.0,3,actual
benzene-cn,2026,3,109.0,3,forecast
benzene-cn,2026,4,109.0,3,forecast
benzene-eu,2023,1,99.4,3,actual
benzene-eu,2023,2,97.5,3,actual
benzene-eu,2023,3,95.6333,3,actual
benzene-eu,2023,4,96.6667,3,actual
benzene-eu,2024,1,99.1667,3,actual
benzene-eu,2024,2,101.6667,3,actual
benzene-eu,2024,3,104.1667,3,actual
benzene-eu,2024,4,102.2,3,actual
benzene-eu,2025,1,97.9,3,actual
benzene-eu,2025,2,93.7,3,actual
benzene-eu,2025,3,92.1333,3,actual
benzene-eu,2025,4,103.0,3,actual
benzene-eu,2026,1,119.8,3,actual
benzene-eu,2026,2,117.3667,3,actual
benzene-eu,2026,3,112.8,3,forecast
benzene-eu,2026,4,112.8,3,forecast
benzene-na,2023,1,110.1,3,actual
benzene-na,2023,2,114.0333,3,actual
benzene-na,2023,3,106.6667,3,actual
benzene-na,2023,4,117.8667,3,actual
benzene-na,2024,1,114.1333,3,actual
benzene-na,2024,2,128.9333,3,actual
benzene-na,2024,3,121.9667,3,actual
benzene-na,2024,4,104.7667,3,actual
benzene-na,2025,1,105.4,3,actual
benzene-na,2025,2,92.4333,3,actual
benzene-na,2025,3,97.9333,3,actual
benzene-na,2025,4,90.1667,3,actual
benzene-na,2026,1,95.9667,3,actual
benzene-na,2026,2,117.9,3,actual
benzene-na,2026,3,105.4667,3,forecast
benzene-na,2026,4,86.8,3,forecast
bpa-apac,2023,1,99.7767,3,actual
bpa-apac,2023,2,99.11,3,actual
bpa-apac,2023,3,98.44,3,actual
bpa-apac,2023,4,97.77,3,actual
bpa-apac,2024,1,97.1,3,actual
bpa-apac,2024,2,96.4333,3,actual
bpa-apac,2024,3,95.7633,3,actual
bpa-apac,2024,4,95.0933,3,actual
bpa-apac,2025,1,94.4167,3,actual
bpa-apac,2025,2,93.73,3,actual
bpa-apac,2025,3,93.05,3,actual
bpa-apac,2025,4,90.7667,3,actual
bpa-apac,2026,1,88.89,3,actual
bpa-apac,2026,2,87.6067,3,actual
bpa-apac,2026,3,86.66,3,forecast
bpa-apac,2026,4,85.87,3,forecast
bpa-cn,2023,1,99.82,3,actual
bpa-cn,2023,2,99.28,3,actual
bpa-cn,2023,3,98.74,3,actual
bpa-cn,2023,4,98.2,3,actual
bpa-cn,2024,1,97.66,3,actual
bpa-cn,2024,2,97.12,3,actual
bpa-cn,2024,3,96.58,3,actual
bpa-cn,2024,4,96.04,3,actual
bpa-cn,2025,1,92.18,3,actual
bpa-cn,2025,2,86.67,3,actual
bpa-cn,2025,3,81.15,3,actual
bpa-cn,2025,4,77.61,3,actual
bpa-cn,2026,1,76.0,3,actual
bpa-cn,2026,2,74.86,3,actual
bpa-cn,2026,3,74.0333,3,forecast
bpa-cn,2026,4,73.3633,3,forecast
bpa-eu,2023,1,99.7767,3,actual
bpa-eu,2023,2,99.11,3,actual
bpa-eu,2023,3,98.44,3,actual
bpa-eu,2023,4,97.77,3,actual
bpa-eu,2024,1,97.1,3,actual
bpa-eu,2024,2,96.4333,3,actual
bpa-eu,2024,3,95.7633,3,actual
bpa-eu,2024,4,95.0933,3,actual
bpa-eu,2025,1,93.9033,3,actual
bpa-eu,2025,2,92.45,3,actual
bpa-eu,2025,3,90.9967,3,actual
bpa-eu,2025,4,91.88,3,actual
bpa-eu,2026,1,91.62,3,actual
bpa-eu,2026,2,90.21,3,actual
bpa-eu,2026,3,89.2,3,forecast
bpa-eu,2026,4,88.39,3,forecast
brent,2023,1,98.4,3,actual
brent,2023,2,94.9333,3,actual
brent,2023,3,105.0333,3,actual
brent,2023,4,101.4667,3,actual
brent,2024,1,100.6,3,actual
brent,2024,2,102.6,3,actual
brent,2024,3,96.7667,3,actual
brent,2024,4,90.4333,3,actual
brent,2025,1,91.9,3,actual
brent,2025,2,82.4333,3,actual
brent,2025,3,83.6,3,actual
brent,2025,4,77.1,3,actual
brent,2026,1,97.2,3,actual
brent,2026,2,134.0,3,actual
brent,2026,3,95.9667,3,forecast
brent,2026,4,81.5333,3,forecast
caprolactam-cn,2023,1,99.68,3,actual
caprolactam-cn,2023,2,98.72,3,actual
caprolactam-cn,2023,3,97.76,3,actual
caprolactam-cn,2023,4,96.7933,3,actual
caprolactam-cn,2024,1,95.83,3,actual
caprolactam-cn,2024,2,94.87,3,actual
caprolactam-cn,2024,3,93.91,3,actual
caprolactam-cn,2024,4,92.95,3,actual
caprolactam-cn,2025,1,91.99,3,actual
caprolactam-cn,2025,2,92.93,3,actual
caprolactam-cn,2025,3,94.8133,3,actual
caprolactam-cn,2025,4,96.7,3,actual
caprolactam-cn,2026,1,97.78,3,actual
caprolactam-cn,2026,2,98.4433,3,actual
caprolactam-cn,2026,3,98.0767,3,forecast
caprolactam-cn,2026,4,97.19,3,forecast
caprolactam-eu,2023,1,100.2333,3,actual
caprolactam-eu,2023,2,100.93,3,actual
caprolactam-eu,2023,3,101.63,3,actual
caprolactam-eu,2023,4,102.33,3,actual
caprolactam-eu,2024,1,103.03,3,actual
caprolactam-eu,2024,2,103.7267,3,actual
caprolactam-eu,2024,3,104.4267,3,actual
caprolactam-eu,2024,4,105.1267,3,actual
caprolactam-eu,2025,1,105.8233,3,actual
caprolactam-eu,2025,2,107.8867,3,actual
caprolactam-eu,2025,3,110.6267,3,actual
caprolactam-eu,2025,4,113.3733,3,actual
caprolactam-eu,2026,1,113.3333,3,actual
caprolactam-eu,2026,2,111.9033,3,actual
caprolactam-eu,2026,3,110.7633,3,forecast
caprolactam-eu,2026,4,109.7567,3,forecast
caprolactam-na,2023,1,100.15,3,actual
caprolactam-na,2023,2,100.59,3,actual
caprolactam-na,2023,3,101.0367,3,actual
caprolactam-na,2023,4,101.48,3,actual
caprolactam-na,2024,1,101.9233,3,actual
caprolactam-na,2024,2,102.3667,3,actual
caprolactam-na,2024,3,102.81,3,actual
caprolactam-na,2024,4,103.2533,3,actual
caprolactam-na,2025,1,103.7,3,actual
caprolactam-na,2025,2,102.9,3,actual
caprolactam-na,2025,3,96.9967,3,actual
caprolactam-na,2025,4,90.4033,3,actual
caprolactam-na,2026,1,87.52,3,actual
caprolactam-na,2026,2,86.4967,3,actual
caprolactam-na,2026,3,85.63,3,forecast
caprolactam-na,2026,4,84.86,3,forecast
caustic-soda-cn,2023,1,99.7667,3,actual
caustic-soda-cn,2023,2,99.0333,3,actual
caustic-soda-cn,2023,3,98.2667,3,actual
caustic-soda-cn,2023,4,97.5333,3,actual
caustic-soda-cn,2024,1,96.7667,3,actual
caustic-soda-cn,2024,2,96.0333,3,actual
caustic-soda-cn,2024,3,95.2667,3,actual
caustic-soda-cn,2024,4,93.8667,3,actual
caustic-soda-cn,2025,1,92.2333,3,actual
caustic-soda-cn,2025,2,90.5667,3,actual
caustic-soda-cn,2025,3,88.9333,3,actual
caustic-soda-cn,2025,4,80.7667,3,actual
caustic-soda-cn,2026,1,74.3667,3,actual
caustic-soda-cn,2026,2,77.7,3,actual
caustic-soda-cn,2026,3,90.8,3,forecast
caustic-soda-cn,2026,4,88.1333,3,forecast
caustic-soda-eu,2023,1,99.1,3,actual
caustic-soda-eu,2023,2,96.4,3,actual
caustic-soda-eu,2023,3,93.7,3,actual
caustic-soda-eu,2023,4,91.0,3,actual
caustic-soda-eu,2024,1,88.3,3,actual
caustic-soda-eu,2024,2,85.6,3,actual
caustic-soda-eu,2024,3,82.9,3,actual
caustic-soda-eu,2024,4,79.4667,3,actual
caustic-soda-eu,2025,1,75.7,3,actual
caustic-soda-eu,2025,2,71.9,3,actual
caustic-soda-eu,2025,3,68.1333,3,actual
caustic-soda-eu,2025,4,62.5667,3,actual
caustic-soda-eu,2026,1,60.3667,3,actual
caustic-soda-eu,2026,2,65.2667,3,actual
caustic-soda-eu,2026,3,67.5,3,forecast
caustic-soda-eu,2026,4,67.5,3,forecast
caustic-soda-in,2023,1,99.5,3,actual
caustic-soda-in,2023,2,98.0,3,actual
caustic-soda-in,2023,3,96.5,3,actual
caustic-soda-in,2023,4,95.0,3,actual
caustic-soda-in,2024,1,93.5,3,actual
caustic-soda-in,2024,2,92.0,3,actual
caustic-soda-in,2024,3,90.5,3,actual
caustic-soda-in,2024,4,90.4333,3,actual
caustic-soda-in,2025,1,91.1,3,actual
caustic-soda-in,2025,2,91.8,3,actual
caustic-soda-in,2025,3,92.4667,3,actual
caustic-soda-in,2025,4,85.0,3,actual
caustic-soda-in,2026,1,78.0333,3,actual
caustic-soda-in,2026,2,82.1667,3,actual
caustic-soda-in,2026,3,84.0,3,forecast
caustic-soda-in,2026,4,84.0,3,forecast
caustic-soda-na,2023,1,98.0,3,actual
caustic-soda-na,2023,2,89.8667,3,actual
caustic-soda-na,2023,3,75.9667,3,actual
caustic-soda-na,2023,4,69.4667,3,actual
caustic-soda-na,2024,1,66.5,3,actual
caustic-soda-na,2024,2,65.2,3,actual
caustic-soda-na,2024,3,64.6,3,actual
caustic-soda-na,2024,4,65.8333,3,actual
caustic-soda-na,2025,1,66.3333,3,actual
caustic-soda-na,2025,2,66.8,3,actual
caustic-soda-na,2025,3,68.9667,3,actual
caustic-soda-na,2025,4,67.7667,3,actual
caustic-soda-na,2026,1,68.4333,3,actual
caustic-soda-na,2026,2,71.7,3,actual
caustic-soda-na,2026,3,72.3,3,forecast
caustic-soda-na,2026,4,72.3,3,forecast
caustic-soda-ppi,2026,3,63.82,3,forecast
caustic-soda-ppi,2026,4,63.82,3,forecast
chlor-naoh-ppi,2026,3,72.34,3,forecast
chlor-naoh-ppi,2026,4,72.34,3,forecast
coal-au,2026,3,31.9,3,forecast
coal-au,2026,4,27.3,3,forecast
coconut-oil-wb,2026,3,219.53,3,forecast
coconut-oil-wb,2026,4,219.53,3,forecast
copper,2023,1,98.1667,3,actual
copper,2023,2,91.8667,3,actual
copper,2023,3,91.0333,3,actual
copper,2023,4,90.2333,3,actual
copper,2024,1,93.2667,3,actual
copper,2024,2,106.4,3,actual
copper,2024,3,101.8,3,actual
copper,2024,4,100.1333,3,actual
copper,2025,1,101.7333,3,actual
copper,2025,2,103.4333,3,actual
copper,2025,3,106.6,3,actual
copper,2025,4,121.2,3,actual
copper,2026,1,139.4667,3,actual
copper,2026,2,136.2,3,actual
copper,2026,3,136.2,3,forecast
copper,2026,4,136.2,3,forecast
corn,2023,1,97.5333,3,actual
corn,2023,2,90.9333,3,actual
corn,2023,3,73.4,3,actual
corn,2023,4,70.2667,3,actual
corn,2024,1,63.6,3,actual
corn,2024,2,64.1667,3,actual
corn,2024,3,58.4,3,actual
corn,2024,4,65.3667,3,actual
corn,2025,1,70.8333,3,actual
corn,2025,2,67.8,3,actual
corn,2025,3,62.9,3,actual
corn,2025,4,66.6,3,actual
corn,2026,1,69.1,3,actual
corn,2026,2,71.0667,3,actual
corn,2026,3,71.2,3,forecast
corn,2026,4,71.2,3,forecast
corn-na,2026,3,64.0333,3,forecast
corn-na,2026,4,59.1667,3,forecast
cpo,2023,1,99.3333,3,actual
cpo,2023,2,97.1667,3,actual
cpo,2023,3,96.5,3,actual
cpo,2023,4,96.2333,3,actual
cpo,2024,1,97.0,3,actual
cpo,2024,2,96.1667,3,actual
cpo,2024,3,95.8333,3,actual
cpo,2024,4,96.3,3,actual
cpo,2025,1,97.0,3,actual
cpo,2025,2,97.5,3,actual
cpo,2025,3,96.0,3,actual
cpo,2025,4,94.5667,3,actual
cpo,2026,1,93.5,3,actual
cpo,2026,2,92.7667,3,actual
cpo,2026,3,92.0,3,forecast
cpo,2026,4,91.2333,3,forecast
dap,2023,1,94.6667,3,actual
dap,2023,2,84.8,3,actual
dap,2023,3,83.7333,3,actual
dap,2023,4,91.2,3,actual
dap,2024,1,88.5333,3,actual
dap,2024,2,89.8667,3,actual
dap,2024,3,91.4667,3,actual
dap,2024,4,89.0667,3,actual
dap,2025,1,96.0,3,actual
dap,2025,2,107.7333,3,actual
dap,2025,3,123.3667,3,actual
dap,2025,4,111.4667,3,actual
dap,2026,1,101.5333,3,actual
dap,2026,2,105.3,3,actual
dap,2026,3,99.3,3,forecast
dap,2026,4,90.2,3,forecast
elec-cn,2023,1,99.8333,3,actual
elec-cn,2023,2,99.1667,3,actual
elec-cn,2023,3,99.0,3,actual
elec-cn,2023,4,99.2,3,actual
elec-cn,2024,1,99.6667,3,actual
elec-cn,2024,2,99.0,3,actual
elec-cn,2024,3,99.0667,3,actual
elec-cn,2024,4,99.2,3,actual
elec-cn,2025,1,98.7667,3,actual
elec-cn,2025,2,98.2333,3,actual
elec-cn,2025,3,97.6,3,actual
elec-cn,2025,4,97.0667,3,actual
elec-cn,2026,1,96.6,3,actual
elec-cn,2026,2,96.0667,3,actual
elec-cn,2026,3,95.6,3,forecast
elec-cn,2026,4,95.0667,3,forecast
elec-eu,2023,1,99.0,3,actual
elec-eu,2023,2,97.0,3,actual
elec-eu,2023,3,95.5,3,actual
elec-eu,2023,4,94.8667,3,actual
elec-eu,2024,1,96.5,3,actual
elec-eu,2024,2,95.6667,3,actual
elec-eu,2024,3,94.9333,3,actual
elec-eu,2024,4,94.8,3,actual
elec-eu,2025,1,94.2333,3,actual
elec-eu,2025,2,93.5,3,actual
elec-eu,2025,3,92.7667,3,actual
elec-eu,2025,4,92.0,3,actual
elec-eu,2026,1,91.2333,3,actual
elec-eu,2026,2,90.5,3,actual
elec-eu,2026,3,89.7667,3,forecast
elec-eu,2026,4,89.0,3,forecast
elec-in,2023,1,100.5,3,actual
elec-in,2023,2,102.0,3,actual
elec-in,2023,3,101.5,3,actual
elec-in,2023,4,102.0,3,actual
elec-in,2024,1,101.5,3,actual
elec-in,2024,2,102.6667,3,actual
elec-in,2024,3,102.5,3,actual
elec-in,2024,4,103.9,3,actual
elec-in,2025,1,103.7667,3,actual
elec-in,2025,2,103.0,3,actual
elec-in,2025,3,102.2333,3,actual
elec-in,2025,4,101.5,3,actual
elec-in,2026,1,100.7667,3,actual
elec-in,2026,2,100.0,3,actual
elec-in,2026,3,99.2333,3,forecast
elec-in,2026,4,98.5,3,forecast
elec-mea,2023,1,100.1667,3,actual
elec-mea,2023,2,100.8333,3,actual
elec-mea,2023,3,101.1667,3,actual
elec-mea,2023,4,101.8333,3,actual
elec-mea,2024,1,101.1667,3,actual
elec-mea,2024,2,101.8333,3,actual
elec-mea,2024,3,102.3333,3,actual
elec-mea,2024,4,103.0667,3,actual
elec-mea,2025,1,102.7667,3,actual
elec-mea,2025,2,102.0,3,actual
elec-mea,2025,3,101.2333,3,actual
elec-mea,2025,4,100.5,3,actual
elec-mea,2026,1,99.7667,3,actual
elec-mea,2026,2,99.0,3,actual
elec-mea,2026,3,98.2333,3,forecast
elec-mea,2026,4,97.5,3,forecast
elec-na,2023,1,99.8333,3,actual
elec-na,2023,2,98.5,3,actual
elec-na,2023,3,97.0,3,actual
elec-na,2023,4,96.2333,3,actual
elec-na,2024,1,97.5,3,actual
elec-na,2024,2,96.6667,3,actual
elec-na,2024,3,95.9333,3,actual
elec-na,2024,4,95.6,3,actual
elec-na,2025,1,95.0,3,actual
elec-na,2025,2,94.2333,3,actual
elec-na,2025,3,93.5,3,actual
elec-na,2025,4,92.7667,3,actual
elec-na,2026,1,92.0,3,actual
elec-na,2026,2,91.2333,3,actual
elec-na,2026,3,90.5,3,forecast
elec-na,2026,4,89.7667,3,forecast
elec-power-ppi,2026,3,108.37,3,forecast
elec-power-ppi,2026,4,108.37,3,forecast
ethanol-ppi,2026,3,82.22,3,forecast
ethanol-ppi,2026,4,82.22,3,forecast
ethylene-propylene-cn,2023,1,99.9,3,actual
ethylene-propylene-cn,2023,2,99.6,3,actual
ethylene-propylene-cn,2023,3,99.3,3,actual
ethylene-propylene-cn,2023,4,99.0,3,actual
ethylene-propylene-cn,2024,1,98.7,3,actual
ethylene-propylene-cn,2024,2,98.4,3,actual
ethylene-propylene-cn,2024,3,98.1,3,actual
ethylene-propylene-cn,2024,4,97.2333,3,actual
ethylene-propylene-cn,2025,1,96.1,3,actual
ethylene-propylene-cn,2025,2,94.9333,3,actual
ethylene-propylene-cn,2025,3,93.8,3,actual
ethylene-propylene-cn,2025,4,91.8,3,actual
ethylene-propylene-cn,2026,1,99.6667,3,actual
ethylene-propylene-cn,2026,2,106.0,3,actual
ethylene-propylene-cn,2026,3,107.0,3,forecast
ethylene-propylene-cn,2026,4,107.0,3,forecast
ethylene-propylene-eu,2023,1,99.8,3,actual
ethylene-propylene-eu,2023,2,99.2,3,actual
ethylene-propylene-eu,2023,3,98.6,3,actual
ethylene-propylene-eu,2023,4,98.0,3,actual
ethylene-propylene-eu,2024,1,97.4,3,actual
ethylene-propylene-eu,2024,2,96.8,3,actual
ethylene-propylene-eu,2024,3,96.2,3,actual
ethylene-propylene-eu,2024,4,97.4,3,actual
ethylene-propylene-eu,2025,1,99.5,3,actual
ethylene-propylene-eu,2025,2,101.5,3,actual
ethylene-propylene-eu,2025,3,103.6,3,actual
ethylene-propylene-eu,2025,4,102.1,3,actual
ethylene-propylene-eu,2026,1,97.6667,3,actual
ethylene-propylene-eu,2026,2,97.3333,3,actual
ethylene-propylene-eu,2026,3,98.0,3,forecast
ethylene-propylene-eu,2026,4,98.0,3,forecast
ethylene-propylene-na,2023,1,97.1667,3,actual
ethylene-propylene-na,2023,2,84.2,3,actual
ethylene-propylene-na,2023,3,72.3667,3,actual
ethylene-propylene-na,2023,4,79.4667,3,actual
ethylene-propylene-na,2024,1,83.3667,3,actual
ethylene-propylene-na,2024,2,87.1,3,actual
ethylene-propylene-na,2024,3,93.2333,3,actual
ethylene-propylene-na,2024,4,90.0,3,actual
ethylene-propylene-na,2025,1,93.5333,3,actual
ethylene-propylene-na,2025,2,84.7667,3,actual
ethylene-propylene-na,2025,3,78.6,3,actual
ethylene-propylene-na,2025,4,73.9667,3,actual
ethylene-propylene-na,2026,1,76.0,3,actual
ethylene-propylene-na,2026,2,104.8333,3,actual
ethylene-propylene-na,2026,3,92.7333,3,forecast
ethylene-propylene-na,2026,4,65.9667,3,forecast
fatty-acids-ppi,2026,3,125.41,3,forecast
fatty-acids-ppi,2026,4,125.41,3,forecast
gas-brazil,2023,1,92.8667,3,actual
gas-brazil,2023,2,78.6,3,actual
gas-brazil,2023,3,78.6,3,actual
gas-brazil,2023,4,85.7,3,actual
gas-brazil,2024,1,85.7333,3,actual
gas-brazil,2024,2,78.6,3,actual
gas-brazil,2024,3,78.6,3,actual
gas-brazil,2024,4,85.7,3,actual
gas-brazil,2025,1,92.9,3,actual
gas-brazil,2025,2,85.7,3,actual
gas-brazil,2025,3,85.7,3,actual
gas-brazil,2025,4,97.6333,3,actual
gas-brazil,2026,1,116.6667,3,actual
gas-brazil,2026,2,138.1,3,actual
gas-brazil,2026,3,115.9667,3,forecast
gas-brazil,2026,4,107.5667,3,forecast
gas-china,2023,1,94.6,3,actual
gas-china,2023,2,86.6667,3,actual
gas-china,2023,3,85.8333,3,actual
gas-china,2023,4,90.4333,3,actual
gas-china,2024,1,90.8333,3,actual
gas-china,2024,2,87.5,3,actual
gas-china,2024,3,91.2667,3,actual
gas-china,2024,4,97.1,3,actual
gas-china,2025,1,102.9,3,actual
gas-china,2025,2,95.0333,3,actual
gas-china,2025,3,98.3333,3,actual
gas-china,2025,4,107.0667,3,actual
gas-china,2026,1,120.8667,3,actual
gas-china,2026,2,133.3,3,actual
gas-china,2026,3,122.6333,3,forecast
gas-china,2026,4,119.0,3,forecast
gas-india,2023,1,100.0,3,actual
gas-india,2023,2,75.8,3,actual
gas-india,2023,3,75.8,3,actual
gas-india,2023,4,75.8,3,actual
gas-india,2024,1,93.3,3,actual
gas-india,2024,2,87.5,3,actual
gas-india,2024,3,87.5,3,actual
gas-india,2024,4,93.3,3,actual
gas-india,2025,1,99.2,3,actual
gas-india,2025,2,99.2,3,actual
gas-india,2025,3,99.2,3,actual
gas-india,2025,4,105.0,3,actual
gas-india,2026,1,114.7667,3,actual
gas-india,2026,2,136.1333,3,actual
gas-india,2026,3,118.1,3,forecast
gas-india,2026,4,111.2667,3,forecast
gas-mea,2023,1,100.0,3,actual
gas-mea,2023,2,100.0,3,actual
gas-mea,2023,3,100.0,3,actual
gas-mea,2023,4,100.0,3,actual
gas-mea,2024,1,100.0,3,actual
gas-mea,2024,2,100.0,3,actual
gas-mea,2024,3,100.0,3,actual
gas-mea,2024,4,100.0,3,actual
gas-mea,2025,1,125.0,3,actual
gas-mea,2025,2,125.0,3,actual
gas-mea,2025,3,125.0,3,actual
gas-mea,2025,4,125.0,3,actual
gas-mea,2026,1,158.3333,3,actual
gas-mea,2026,2,208.3333,3,actual
gas-mea,2026,3,165.5,3,forecast
gas-mea,2026,4,150.8333,3,forecast
gold,2023,1,100.8,3,actual
gold,2023,2,102.9,3,actual
gold,2023,3,102.3,3,actual
gold,2023,4,105.4,3,actual
gold,2024,1,109.7333,3,actual
gold,2024,2,123.1667,3,actual
gold,2024,3,132.7,3,actual
gold,2024,4,140.8667,3,actual
gold,2025,1,150.7,3,actual
gold,2025,2,173.3333,3,actual
gold,2025,3,181.7667,3,actual
gold,2025,4,218.6333,3,actual
gold,2026,1,256.6,3,actual
gold,2026,2,243.7667,3,actual
gold,2026,3,241.4,3,forecast
gold,2026,4,241.4,3,forecast
guar-gum,2023,1,99.5,3,actual
guar-gum,2023,2,98.0,3,actual
guar-gum,2023,3,96.0,3,actual
guar-gum,2023,4,89.0,3,actual
guar-gum,2024,1,81.3333,3,actual
guar-gum,2024,2,84.3333,3,actual
guar-gum,2024,3,83.3333,3,actual
guar-gum,2024,4,79.0,3,actual
guar-gum,2025,1,83.3333,3,actual
guar-gum,2025,2,99.1333,3,actual
guar-gum,2025,3,106.5,3,actual
guar-gum,2025,4,113.0,3,actual
guar-gum,2026,1,118.3333,3,actual
guar-gum,2026,2,121.2333,3,actual
guar-gum,2026,3,122.0,3,forecast
guar-gum,2026,4,122.0,3,forecast
gum-wood-na,2026,3,97.2,3,forecast
gum-wood-na,2026,4,97.2,3,forecast
hdpe-cn,2023,1,100.3,3,actual
hdpe-cn,2023,2,101.2,3,actual
hdpe-cn,2023,3,102.1,3,actual
hdpe-cn,2023,4,102.9,3,actual
hdpe-cn,2024,1,103.8,3,actual
hdpe-cn,2024,2,104.7,3,actual
hdpe-cn,2024,3,104.0,3,actual
hdpe-cn,2024,4,102.5333,3,actual
hdpe-cn,2025,1,101.1,3,actual
hdpe-cn,2025,2,99.6,3,actual
hdpe-cn,2025,3,96.9333,3,actual
hdpe-cn,2025,4,93.4,3,actual
hdpe-cn,2026,1,95.5667,3,actual
hdpe-cn,2026,2,92.7667,3,actual
hdpe-cn,2026,3,90.4,3,forecast
hdpe-cn,2026,4,90.4,3,forecast
hdpe-eu,2023,1,99.9333,3,actual
hdpe-eu,2023,2,99.7,3,actual
hdpe-eu,2023,3,99.5,3,actual
hdpe-eu,2023,4,99.3,3,actual
hdpe-eu,2024,1,99.1,3,actual
hdpe-eu,2024,2,98.8667,3,actual
hdpe-eu,2024,3,99.4,3,actual
hdpe-eu,2024,4,100.3333,3,actual
hdpe-eu,2025,1,101.3,3,actual
hdpe-eu,2025,2,102.2,3,actual
hdpe-eu,2025,3,97.0333,3,actual
hdpe-eu,2025,4,92.0667,3,actual
hdpe-eu,2026,1,105.2333,3,actual
hdpe-eu,2026,2,107.3667,3,actual
hdpe-eu,2026,3,106.1,3,forecast
hdpe-eu,2026,4,106.1,3,forecast
hdpe-na,2023,1,102.2,3,actual
hdpe-na,2023,2,104.6333,3,actual
hdpe-na,2023,3,98.6333,3,actual
hdpe-na,2023,4,97.9667,3,actual
hdpe-na,2024,1,97.8333,3,actual
hdpe-na,2024,2,98.4333,3,actual
hdpe-na,2024,3,99.0333,3,actual
hdpe-na,2024,4,97.6333,3,actual
hdpe-na,2025,1,98.8667,3,actual
hdpe-na,2025,2,98.6,3,actual
hdpe-na,2025,3,96.3,3,actual
hdpe-na,2025,4,94.0,3,actual
hdpe-na,2026,1,95.1333,3,actual
hdpe-na,2026,2,114.5,3,actual
hdpe-na,2026,3,106.4667,3,forecast
hdpe-na,2026,4,86.4667,3,forecast
hides-gl,2026,3,97.8,3,forecast
hides-gl,2026,4,97.8,3,forecast
ilmenite,2026,3,103.0,3,forecast
ilmenite,2026,4,103.0,3,forecast
industrial-chemicals,2023,1,99.3667,3,actual
industrial-chemicals,2023,2,96.4333,3,actual
industrial-chemicals,2023,3,92.0,3,actual
industrial-chemicals,2023,4,91.7333,3,actual
industrial-chemicals,2024,1,87.9667,3,actual
industrial-chemicals,2024,2,90.5333,3,actual
industrial-chemicals,2024,3,92.1333,3,actual
industrial-chemicals,2024,4,89.0,3,actual
industrial-chemicals,2025,1,90.4667,3,actual
industrial-chemicals,2025,2,88.8,3,actual
industrial-chemicals,2025,3,88.6667,3,actual
industrial-chemicals,2025,4,87.3333,3,actual
industrial-chemicals,2026,1,87.8,3,actual
industrial-chemicals,2026,2,100.1667,3,actual
industrial-chemicals,2026,3,94.2,3,forecast
industrial-chemicals,2026,4,81.5,3,forecast
inorg-chem-ppi,2026,3,105.2,3,forecast
inorg-chem-ppi,2026,4,105.2,3,forecast
iron-ore,2023,1,103.4667,3,actual
iron-ore,2023,2,90.4,3,actual
iron-ore,2023,3,92.8,3,actual
iron-ore,2023,4,100.8,3,actual
iron-ore,2024,1,98.6667,3,actual
iron-ore,2024,2,85.6,3,actual
iron-ore,2024,3,79.2,3,actual
iron-ore,2024,4,82.9333,3,actual
iron-ore,2025,1,81.3333,3,actual
iron-ore,2025,2,76.5333,3,actual
iron-ore,2025,3,80.0,3,actual
iron-ore,2025,4,82.6667,3,actual
iron-ore,2026,1,82.3333,3,actual
iron-ore,2026,2,83.6,3,actual
iron-ore,2026,3,83.6,3,forecast
iron-ore,2026,4,83.6,3,forecast
iron-scrap-eu,2023,1,99.7,3,actual
iron-scrap-eu,2023,2,98.8,3,actual
iron-scrap-eu,2023,3,97.8333,3,actual
iron-scrap-eu,2023,4,96.9,3,actual
iron-scrap-eu,2024,1,96.2,3,actual
iron-scrap-eu,2024,2,96.7667,3,actual
iron-scrap-eu,2024,3,97.5333,3,actual
iron-scrap-eu,2024,4,98.2667,3,actual
iron-scrap-eu,2025,1,99.2333,3,actual
iron-scrap-eu,2025,2,101.7,3,actual
iron-scrap-eu,2025,3,104.4,3,actual
iron-scrap-eu,2025,4,107.1,3,actual
iron-scrap-eu,2026,1,117.0,3,actual
iron-scrap-eu,2026,2,118.1,3,actual
iron-scrap-eu,2026,3,116.4,3,forecast
iron-scrap-eu,2026,4,116.4,3,forecast
iron-scrap-na,2023,1,107.5667,3,actual
iron-scrap-na,2023,2,106.7,3,actual
iron-scrap-na,2023,3,95.3,3,actual
iron-scrap-na,2023,4,99.2333,3,actual
iron-scrap-na,2024,1,104.0,3,actual
iron-scrap-na,2024,2,93.8667,3,actual
iron-scrap-na,2024,3,91.1333,3,actual
iron-scrap-na,2024,4,91.6667,3,actual
iron-scrap-na,2025,1,100.0667,3,actual
iron-scrap-na,2025,2,95.6333,3,actual
iron-scrap-na,2025,3,92.6667,3,actual
iron-scrap-na,2025,4,91.7,3,actual
iron-scrap-na,2026,1,105.3667,3,actual
iron-scrap-na,2026,2,104.5,3,actual
iron-scrap-na,2026,3,100.4667,3,forecast
iron-scrap-na,2026,4,94.2667,3,forecast
kcl-wb,2026,3,78.9,3,forecast
kcl-wb,2026,4,78.9,3,forecast
lab-apac,2023,1,101.0,3,actual
lab-apac,2023,2,104.6667,3,actual
lab-apac,2023,3,107.6667,3,actual
lab-apac,2023,4,110.3333,3,actual
lab-apac,2024,1,108.0,3,actual
lab-apac,2024,2,110.0,3,actual
lab-apac,2024,3,109.6667,3,actual
lab-apac,2024,4,110.6667,3,actual
lab-apac,2025,1,108.3333,3,actual
lab-apac,2025,2,110.0,3,actual
lab-apac,2025,3,111.0,3,actual
lab-apac,2025,4,108.0,3,actual
lab-apac,2026,1,106.6667,3,actual
lab-apac,2026,2,107.3333,3,actual
lab-apac,2026,3,108.0,3,forecast
lab-apac,2026,4,107.0,3,forecast
lab-eu,2023,1,101.3333,3,actual
lab-eu,2023,2,104.0,3,actual
lab-eu,2023,3,107.0,3,actual
lab-eu,2023,4,111.0,3,actual
lab-eu,2024,1,109.0,3,actual
lab-eu,2024,2,110.0,3,actual
lab-eu,2024,3,109.6667,3,actual
lab-eu,2024,4,111.3333,3,actual
lab-eu,2025,1,110.0,3,actual
lab-eu,2025,2,111.0,3,actual
lab-eu,2025,3,112.0,3,actual
lab-eu,2025,4,109.0,3,actual
lab-eu,2026,1,107.6667,3,actual
lab-eu,2026,2,108.3333,3,actual
lab-eu,2026,3,109.0,3,forecast
lab-eu,2026,4,108.0,3,forecast
lab-in,2023,1,101.3333,3,actual
lab-in,2023,2,105.0,3,actual
lab-in,2023,3,108.6667,3,actual
lab-in,2023,4,113.0,3,actual
lab-in,2024,1,111.0,3,actual
lab-in,2024,2,113.0,3,actual
lab-in,2024,3,112.6667,3,actual
lab-in,2024,4,114.3333,3,actual
lab-in,2025,1,113.0,3,actual
lab-in,2025,2,114.0,3,actual
lab-in,2025,3,115.0,3,actual
lab-in,2025,4,112.0,3,actual
lab-in,2026,1,110.6667,3,actual
lab-in,2026,2,111.3333,3,actual
lab-in,2026,3,112.0,3,forecast
lab-in,2026,4,111.0,3,forecast
lab-mea,2023,1,100.3333,3,actual
lab-mea,2023,2,102.6667,3,actual
lab-mea,2023,3,105.0,3,actual
lab-mea,2023,4,107.3333,3,actual
lab-mea,2024,1,105.0,3,actual
lab-mea,2024,2,107.0,3,actual
lab-mea,2024,3,106.6667,3,actual
lab-mea,2024,4,107.6667,3,actual
lab-mea,2025,1,105.3333,3,actual
lab-mea,2025,2,106.6667,3,actual
lab-mea,2025,3,107.0,3,actual
lab-mea,2025,4,104.3333,3,actual
lab-mea,2026,1,103.6667,3,actual
lab-mea,2026,2,104.3333,3,actual
lab-mea,2026,3,104.6667,3,forecast
lab-mea,2026,4,103.3333,3,forecast
lab-na,2023,1,101.0,3,actual
lab-na,2023,2,105.3333,3,actual
lab-na,2023,3,108.6667,3,actual
lab-na,2023,4,112.0,3,actual
lab-na,2024,1,110.0,3,actual
lab-na,2024,2,111.0,3,actual
lab-na,2024,3,110.6667,3,actual
lab-na,2024,4,112.3333,3,actual
lab-na,2025,1,111.0,3,actual
lab-na,2025,2,112.0,3,actual
lab-na,2025,3,113.0,3,actual
lab-na,2025,4,110.0,3,actual
lab-na,2026,1,108.6667,3,actual
lab-na,2026,2,109.3333,3,actual
lab-na,2026,3,110.0,3,forecast
lab-na,2026,4,109.0,3,forecast
lci-apac,2023,1,100.49,3,actual
lci-apac,2023,2,101.96,3,actual
lci-apac,2023,3,103.4333,3,actual
lci-apac,2023,4,104.93,3,actual
lci-apac,2024,1,106.43,3,actual
lci-apac,2024,2,107.95,3,actual
lci-apac,2024,3,109.48,3,actual
lci-apac,2024,4,111.0133,3,actual
lci-apac,2025,1,112.57,3,actual
lci-apac,2025,2,114.13,3,actual
lci-apac,2025,3,115.7,3,actual
lci-apac,2025,4,117.29,3,actual
lci-apac,2026,1,118.8833,3,actual
lci-apac,2026,2,120.5,3,actual
lci-apac,2026,3,122.1233,3,forecast
lci-apac,2026,4,123.77,3,forecast
lci-cn,2023,1,100.34,3,actual
lci-cn,2023,2,101.36,3,actual
lci-cn,2023,3,102.38,3,actual
lci-cn,2023,4,103.4,3,actual
lci-cn,2024,1,104.44,3,actual
lci-cn,2024,2,105.49,3,actual
lci-cn,2024,3,106.54,3,actual
lci-cn,2024,4,107.6,3,actual
lci-cn,2025,1,108.68,3,actual
lci-cn,2025,2,109.76,3,actual
lci-cn,2025,3,110.84,3,actual
lci-cn,2025,4,111.94,3,actual
lci-cn,2026,1,113.05,3,actual
lci-cn,2026,2,114.16,3,actual
lci-cn,2026,3,115.28,3,forecast
lci-cn,2026,4,116.42,3,forecast
lci-eu,2023,1,100.39,3,actual
lci-eu,2023,2,101.5567,3,actual
lci-eu,2023,3,102.7,3,actual
lci-eu,2023,4,103.84,3,actual
lci-eu,2024,1,104.97,3,actual
lci-eu,2024,2,106.08,3,actual
lci-eu,2024,3,107.19,3,actual
lci-eu,2024,4,108.28,3,actual
lci-eu,2025,1,109.36,3,actual
lci-eu,2025,2,110.42,3,actual
lci-eu,2025,3,111.47,3,actual
lci-eu,2025,4,112.5,3,actual
lci-eu,2026,1,113.5167,3,actual
lci-eu,2026,2,114.51,3,actual
lci-eu,2026,3,115.5,3,forecast
lci-eu,2026,4,116.49,3,forecast
lci-in,2023,1,100.6,3,actual
lci-in,2023,2,102.42,3,actual
lci-in,2023,3,104.25,3,actual
lci-in,2023,4,106.1,3,actual
lci-in,2024,1,107.96,3,actual
lci-in,2024,2,109.84,3,actual
lci-in,2024,3,111.73,3,actual
lci-in,2024,4,113.63,3,actual
lci-in,2025,1,115.55,3,actual
lci-in,2025,2,117.4733,3,actual
lci-in,2025,3,119.42,3,actual
lci-in,2025,4,121.37,3,actual
lci-in,2026,1,123.3233,3,actual
lci-in,2026,2,125.3,3,actual
lci-in,2026,3,127.29,3,forecast
lci-in,2026,4,129.31,3,forecast
lci-la,2023,1,100.72,3,actual
lci-la,2023,2,102.8833,3,actual
lci-la,2023,3,105.07,3,actual
lci-la,2023,4,107.28,3,actual
lci-la,2024,1,109.5033,3,actual
lci-la,2024,2,111.75,3,actual
lci-la,2024,3,114.01,3,actual
lci-la,2024,4,116.29,3,actual
lci-la,2025,1,118.58,3,actual
lci-la,2025,2,120.89,3,actual
lci-la,2025,3,123.2033,3,actual
lci-la,2025,4,125.54,3,actual
lci-la,2026,1,127.88,3,actual
lci-la,2026,2,130.24,3,actual
lci-la,2026,3,132.62,3,forecast
lci-la,2026,4,135.0433,3,forecast
lci-mea,2023,1,100.45,3,actual
lci-mea,2023,2,101.8,3,actual
lci-mea,2023,3,103.15,3,actual
lci-mea,2023,4,104.51,3,actual
lci-mea,2024,1,105.89,3,actual
lci-mea,2024,2,107.27,3,actual
lci-mea,2024,3,108.65,3,actual
lci-mea,2024,4,110.05,3,actual
lci-mea,2025,1,111.46,3,actual
lci-mea,2025,2,112.87,3,actual
lci-mea,2025,3,114.2833,3,actual
lci-mea,2025,4,115.72,3,actual
lci-mea,2026,1,117.16,3,actual
lci-mea,2026,2,118.6,3,actual
lci-mea,2026,3,120.06,3,forecast
lci-mea,2026,4,121.5333,3,forecast
lci-na,2023,1,100.0,3,actual
lci-na,2023,2,101.1,3,actual
lci-na,2023,3,102.2,3,actual
lci-na,2023,4,103.1,3,actual
lci-na,2024,1,104.2,3,actual
lci-na,2024,2,105.1,3,actual
lci-na,2024,3,106.0,3,actual
lci-na,2024,4,107.0,3,actual
lci-na,2025,1,107.9,3,actual
lci-na,2025,2,109.0,3,actual
lci-na,2025,3,109.8,3,actual
lci-na,2025,4,110.6,3,actual
lci-na,2026,1,111.6,3,actual
lci-na,2026,2,111.6,3,actual
lci-na,2026,3,111.6,3,forecast
lci-na,2026,4,111.6,3,forecast
lead,2023,1,96.8667,3,actual
lead,2023,2,96.0,3,actual
lead,2023,3,98.4,3,actual
lead,2023,4,95.8333,3,actual
lead,2024,1,93.9667,3,actual
lead,2024,2,98.0667,3,actual
lead,2024,3,92.3,3,actual
lead,2024,4,90.8,3,actual
lead,2025,1,89.2667,3,actual
lead,2025,2,88.1667,3,actual
lead,2025,3,89.0333,3,actual
lead,2025,4,89.2,3,actual
lead,2026,1,87.4333,3,actual
lead,2026,2,89.0667,3,actual
lead,2026,3,89.9,3,forecast
lead,2026,4,89.9,3,forecast
lime-na,2026,3,123.9,3,forecast
lime-na,2026,4,123.9,3,forecast
lng-japan,2023,1,94.9333,3,actual
lng-japan,2023,2,77.8,3,actual
lng-japan,2023,3,83.8333,3,actual
lng-japan,2023,4,98.0,3,actual
lng-japan,2024,1,81.8333,3,actual
lng-japan,2024,2,71.7,3,actual
lng-japan,2024,3,74.7667,3,actual
lng-japan,2024,4,79.8,3,actual
lng-japan,2025,1,77.8,3,actual
lng-japan,2025,2,74.7667,3,actual
lng-japan,2025,3,70.7,3,actual
lng-japan,2025,4,67.6667,3,actual
lng-japan,2026,1,69.1333,3,actual
lng-japan,2026,2,95.3333,3,actual
lng-japan,2026,3,82.6,3,forecast
lng-japan,2026,4,63.1667,3,forecast
lng-jkm-asia,2026,3,150.0,3,forecast
lng-jkm-asia,2026,4,150.0,3,forecast
methanol-na,2023,1,93.3333,3,actual
methanol-na,2023,2,76.0,3,actual
methanol-na,2023,3,72.0,3,actual
methanol-na,2023,4,78.0,3,actual
methanol-na,2024,1,78.0,3,actual
methanol-na,2024,2,71.6667,3,actual
methanol-na,2024,3,75.0,3,actual
methanol-na,2024,4,80.0,3,actual
methanol-na,2025,1,88.0,3,actual
methanol-na,2025,2,95.0,3,actual
methanol-na,2025,3,104.0,3,actual
methanol-na,2025,4,119.0,3,actual
methanol-na,2026,1,202.5333,3,actual
methanol-na,2026,2,296.0,3,actual
methanol-na,2026,3,241.5333,3,forecast
methanol-na,2026,4,159.8333,3,forecast
mma-cn,2023,1,99.8767,3,actual
mma-cn,2023,2,99.5033,3,actual
mma-cn,2023,3,99.13,3,actual
mma-cn,2023,4,98.7567,3,actual
mma-cn,2024,1,98.3867,3,actual
mma-cn,2024,2,98.0133,3,actual
mma-cn,2024,3,97.64,3,actual
mma-cn,2024,4,97.2667,3,actual
mma-cn,2025,1,94.2867,3,actual
mma-cn,2025,2,90.0,3,actual
mma-cn,2025,3,86.7033,3,actual
mma-cn,2025,4,90.3433,3,actual
mma-cn,2026,1,86.82,3,actual
mma-cn,2026,2,90.7133,3,actual
mma-cn,2026,3,88.0367,3,forecast
mma-cn,2026,4,87.2433,3,forecast
mma-eu,2023,1,99.7833,3,actual
mma-eu,2023,2,99.13,3,actual
mma-eu,2023,3,98.48,3,actual
mma-eu,2023,4,97.8267,3,actual
mma-eu,2024,1,97.1733,3,actual
mma-eu,2024,2,96.52,3,actual
mma-eu,2024,3,95.87,3,actual
mma-eu,2024,4,95.2167,3,actual
mma-eu,2025,1,90.0,3,actual
mma-eu,2025,2,82.5,3,actual
mma-eu,2025,3,86.0533,3,actual
mma-eu,2025,4,95.1233,3,actual
mma-eu,2026,1,99.3833,3,actual
mma-eu,2026,2,133.75,3,actual
mma-eu,2026,3,119.28,3,forecast
mma-eu,2026,4,118.2,3,forecast
mop,2023,1,94.0,3,actual
mop,2023,2,74.3333,3,actual
mop,2023,3,65.6667,3,actual
mop,2023,4,71.0,3,actual
mop,2024,1,61.6667,3,actual
mop,2024,2,58.5333,3,actual
mop,2024,3,59.5333,3,actual
mop,2024,4,58.3333,3,actual
mop,2025,1,63.8,3,actual
mop,2025,2,71.8667,3,actual
mop,2025,3,71.4667,3,actual
mop,2025,4,70.9333,3,actual
mop,2026,1,74.6,3,actual
mop,2026,2,76.1,3,actual
mop,2026,3,76.1,3,forecast
mop,2026,4,76.1,3,forecast
natgas-na,2023,1,81.1333,3,actual
natgas-na,2023,2,66.1667,3,actual
natgas-na,2023,3,79.2,3,actual
natgas-na,2023,4,83.7,3,actual
natgas-na,2024,1,65.1333,3,actual
natgas-na,2024,2,63.8,3,actual
natgas-na,2024,3,64.6333,3,actual
natgas-na,2024,4,74.7,3,actual
natgas-na,2025,1,126.8,3,actual
natgas-na,2025,2,97.4667,3,actual
natgas-na,2025,3,92.5667,3,actual
natgas-na,2025,4,114.6,3,actual
natgas-na,2026,1,146.6,3,actual
natgas-na,2026,2,88.1667,3,actual
natgas-na,2026,3,84.3333,3,forecast
natgas-na,2026,4,79.0,3,forecast
natgas-ppi,2026,3,32.87,3,forecast
natgas-ppi,2026,4,32.87,3,forecast
nickel,2023,1,92.3,3,actual
nickel,2023,2,79.1667,3,actual
nickel,2023,3,72.1333,3,actual
nickel,2023,4,61.0,3,actual
nickel,2024,1,58.7667,3,actual
nickel,2024,2,65.0667,3,actual
nickel,2024,3,57.5667,3,actual
nickel,2024,4,56.5,3,actual
nickel,2025,1,55.1,3,actual
nickel,2025,2,53.6667,3,actual
nickel,2025,3,53.1667,3,actual
nickel,2025,4,52.6333,3,actual
nickel,2026,1,61.2333,3,actual
nickel,2026,2,65.6,3,actual
nickel,2026,3,66.8,3,forecast
nickel,2026,4,66.8,3,forecast
orange-gl,2026,3,82.67,3,forecast
orange-gl,2026,4,82.67,3,forecast
phosphates-ppi,2026,3,116.46,3,forecast
phosphates-ppi,2026,4,116.46,3,forecast
phthalic-anhydride-eu,2023,1,99.56,3,actual
phthalic-anhydride-eu,2023,2,98.24,3,actual
phthalic-anhydride-eu,2023,3,96.92,3,actual
phthalic-anhydride-eu,2023,4,95.6,3,actual
phthalic-anhydride-eu,2024,1,94.29,3,actual
phthalic-anhydride-eu,2024,2,92.97,3,actual
phthalic-anhydride-eu,2024,3,91.65,3,actual
phthalic-anhydride-eu,2024,4,90.33,3,actual
phthalic-anhydride-eu,2025,1,89.01,3,actual
phthalic-anhydride-eu,2025,2,86.43,3,actual
phthalic-anhydride-eu,2025,3,89.7867,3,actual
phthalic-anhydride-eu,2025,4,86.8067,3,actual
phthalic-anhydride-eu,2026,1,79.0233,3,actual
phthalic-anhydride-eu,2026,2,77.8567,3,actual
phthalic-anhydride-eu,2026,3,78.0967,3,forecast
phthalic-anhydride-eu,2026,4,77.3933,3,forecast
pko,2023,1,99.0,3,actual
pko,2023,2,96.6667,3,actual
pko,2023,3,96.0,3,actual
pko,2023,4,95.7667,3,actual
pko,2024,1,96.5,3,actual
pko,2024,2,95.6667,3,actual
pko,2024,3,95.3333,3,actual
pko,2024,4,95.8667,3,actual
pko,2025,1,96.5,3,actual
pko,2025,2,97.0,3,actual
pko,2025,3,95.5,3,actual
pko,2025,4,94.1,3,actual
pko,2026,1,93.2333,3,actual
pko,2026,2,92.5,3,actual
pko,2026,3,91.7667,3,forecast
pko,2026,4,91.0,3,forecast
ppi-na,2023,1,99.4,3,actual
ppi-na,2023,2,97.9333,3,actual
ppi-na,2023,3,98.6667,3,actual
ppi-na,2023,4,97.1,3,actual
ppi-na,2024,1,97.5333,3,actual
ppi-na,2024,2,98.4,3,actual
ppi-na,2024,3,98.0667,3,actual
ppi-na,2024,4,97.3333,3,actual
ppi-na,2025,1,99.3,3,actual
ppi-na,2025,2,99.6,3,actual
ppi-na,2025,3,100.7333,3,actual
ppi-na,2025,4,100.3667,3,actual
ppi-na,2026,1,103.6667,3,actual
ppi-na,2026,2,111.1333,3,actual
ppi-na,2026,3,107.0,3,forecast
ppi-na,2026,4,98.9,3,forecast
primary-organics-ppi,2026,3,121.15,3,forecast
primary-organics-ppi,2026,4,121.15,3,forecast
refinery-gases-ppi,2026,3,110.64,3,forecast
refinery-gases-ppi,2026,4,110.64,3,forecast
rubber,2023,1,96.8,3,actual
rubber,2023,2,92.9333,3,actual
rubber,2023,3,92.0,3,actual
rubber,2023,4,96.1333,3,actual
rubber,2024,1,112.1,3,actual
rubber,2024,2,121.2333,3,actual
rubber,2024,3,119.6333,3,actual
rubber,2024,4,124.6667,3,actual
rubber,2025,1,135.1333,3,actual
rubber,2025,2,114.3667,3,actual
rubber,2025,3,117.1,3,actual
rubber,2025,4,117.5667,3,actual
rubber,2026,1,130.6333,3,actual
rubber,2026,2,147.9667,3,actual
rubber,2026,3,137.0667,3,forecast
rubber,2026,4,115.6333,3,forecast
rutile,2026,3,78.0,3,forecast
rutile,2026,4,78.0,3,forecast
salt-ppi,2026,3,98.69,3,forecast
salt-ppi,2026,4,98.69,3,forecast
silicon-metal-cn,2026,3,80.0,3,forecast
silicon-metal-cn,2026,4,80.0,3,forecast
silicon-metal-mb,2026,3,80.0,3,forecast
silicon-metal-mb,2026,4,80.0,3,forecast
silicon-metal-na,2026,3,80.0,3,forecast
silicon-metal-na,2026,4,80.0,3,forecast
silver,2023,1,94.5333,3,actual
silver,2023,2,98.7667,3,actual
silver,2023,3,97.9667,3,actual
silver,2023,4,95.7667,3,actual
silver,2024,1,95.3667,3,actual
silver,2024,2,120.9667,3,actual
silver,2024,3,121.1,3,actual
silver,2024,4,129.2333,3,actual
silver,2025,1,130.3333,3,actual
silver,2025,2,137.5667,3,actual
silver,2025,3,148.0333,3,actual
silver,2025,4,221.6333,3,actual
silver,2026,1,342.8667,3,actual
silver,2026,2,315.5333,3,actual
silver,2026,3,318.4,3,forecast
silver,2026,4,318.4,3,forecast
soybean-oil,2023,1,95.8667,3,actual
soybean-oil,2023,2,85.0,3,actual
soybean-oil,2023,3,104.8667,3,actual
soybean-oil,2023,4,83.1,3,actual
soybean-oil,2024,1,74.6667,3,actual
soybean-oil,2024,2,71.3667,3,actual
soybean-oil,2024,3,69.0,3,actual
soybean-oil,2024,4,68.5333,3,actual
soybean-oil,2025,1,70.3667,3,actual
soybean-oil,2025,2,79.4667,3,actual
soybean-oil,2025,3,83.0667,3,actual
soybean-oil,2025,4,79.1333,3,actual
soybean-oil,2026,1,91.0667,3,actual
soybean-oil,2026,2,114.1333,3,actual
soybean-oil,2026,3,101.3667,3,forecast
soybean-oil,2026,4,77.8,3,forecast
sulfuric-acid-cn,2023,1,101.0,3,actual
sulfuric-acid-cn,2023,2,104.0,3,actual
sulfuric-acid-cn,2023,3,107.0,3,actual
sulfuric-acid-cn,2023,4,110.0,3,actual
sulfuric-acid-cn,2024,1,117.9,3,actual
sulfuric-acid-cn,2024,2,135.5,3,actual
sulfuric-acid-cn,2024,3,153.1333,3,actual
sulfuric-acid-cn,2024,4,170.7667,3,actual
sulfuric-acid-cn,2025,1,181.3667,3,actual
sulfuric-acid-cn,2025,2,177.9667,3,actual
sulfuric-acid-cn,2025,3,174.5333,3,actual
sulfuric-acid-cn,2025,4,171.1333,3,actual
sulfuric-acid-cn,2026,1,175.3333,3,actual
sulfuric-acid-cn,2026,2,182.6667,3,actual
sulfuric-acid-cn,2026,3,198.8333,3,forecast
sulfuric-acid-cn,2026,4,172.8333,3,forecast
sulfuric-acid-eu,2023,1,100.6,3,actual
sulfuric-acid-eu,2023,2,102.4,3,actual
sulfuric-acid-eu,2023,3,104.2,3,actual
sulfuric-acid-eu,2023,4,106.0,3,actual
sulfuric-acid-eu,2024,1,107.8,3,actual
sulfuric-acid-eu,2024,2,109.6,3,actual
sulfuric-acid-eu,2024,3,111.4,3,actual
sulfuric-acid-eu,2024,4,114.8,3,actual
sulfuric-acid-eu,2025,1,119.0,3,actual
sulfuric-acid-eu,2025,2,123.2,3,actual
sulfuric-acid-eu,2025,3,127.4,3,actual
sulfuric-acid-eu,2025,4,161.2667,3,actual
sulfuric-acid-eu,2026,1,201.9667,3,actual
sulfuric-acid-eu,2026,2,206.8,3,actual
sulfuric-acid-eu,2026,3,206.8,3,forecast
sulfuric-acid-eu,2026,4,206.8,3,forecast
sulfuric-acid-na,2023,1,100.4667,3,actual
sulfuric-acid-na,2023,2,96.1667,3,actual
sulfuric-acid-na,2023,3,87.7667,3,actual
sulfuric-acid-na,2023,4,88.8,3,actual
sulfuric-acid-na,2024,1,87.9,3,actual
sulfuric-acid-na,2024,2,82.2333,3,actual
sulfuric-acid-na,2024,3,89.4,3,actual
sulfuric-acid-na,2024,4,99.0333,3,actual
sulfuric-acid-na,2025,1,95.1,3,actual
sulfuric-acid-na,2025,2,100.9667,3,actual
sulfuric-acid-na,2025,3,107.5333,3,actual
sulfuric-acid-na,2025,4,112.5,3,actual
sulfuric-acid-na,2026,1,118.3333,3,actual
sulfuric-acid-na,2026,2,124.0333,3,actual
sulfuric-acid-na,2026,3,117.6667,3,forecast
sulfuric-acid-na,2026,4,107.8667,3,forecast
synthetic-rubber,2023,1,100.7333,3,actual
synthetic-rubber,2023,2,100.0333,3,actual
synthetic-rubber,2023,3,92.7,3,actual
synthetic-rubber,2023,4,95.3,3,actual
synthetic-rubber,2024,1,94.6333,3,actual
synthetic-rubber,2024,2,104.4,3,actual
synthetic-rubber,2024,3,105.1333,3,actual
synthetic-rubber,2024,4,105.2333,3,actual
synthetic-rubber,2025,1,107.0333,3,actual
synthetic-rubber,2025,2,109.6333,3,actual
synthetic-rubber,2025,3,107.3333,3,actual
synthetic-rubber,2025,4,105.2333,3,actual
synthetic-rubber,2026,1,107.8333,3,actual
synthetic-rubber,2026,2,127.1333,3,actual
synthetic-rubber,2026,3,129.1,3,forecast
synthetic-rubber,2026,4,129.1,3,forecast
tallow-ppi,2026,3,90.88,3,forecast
tallow-ppi,2026,4,90.88,3,forecast
tin,2023,1,93.8667,3,actual
tin,2023,2,93.4,3,actual
tin,2023,3,95.6667,3,actual
tin,2023,4,87.2333,3,actual
tin,2024,1,93.6667,3,actual
tin,2024,2,114.8667,3,actual
tin,2024,3,113.0667,3,actual
tin,2024,4,107.7667,3,actual
tin,2025,1,113.7667,3,actual
tin,2025,2,115.2333,3,actual
tin,2025,3,121.3667,3,actual
tin,2025,4,136.1667,3,actual
tin,2026,1,172.8,3,actual
tin,2026,2,183.8,3,actual
tin,2026,3,189.0,3,forecast
tin,2026,4,189.0,3,forecast
ttf-eu,2023,1,86.6667,3,actual
ttf-eu,2023,2,59.1667,3,actual
ttf-eu,2023,3,55.8333,3,actual
ttf-eu,2023,4,70.8333,3,actual
ttf-eu,2024,1,51.6667,3,actual
ttf-eu,2024,2,50.8333,3,actual
ttf-eu,2024,3,58.3333,3,actual
ttf-eu,2024,4,58.3333,3,actual
ttf-eu,2025,1,71.6667,3,actual
ttf-eu,2025,2,59.1667,3,actual
ttf-eu,2025,3,55.8333,3,actual
ttf-eu,2025,4,50.8333,3,actual
ttf-eu,2026,1,68.1667,3,actual
ttf-eu,2026,2,89.5,3,actual
ttf-eu,2026,3,74.9667,3,forecast
ttf-eu,2026,4,53.1333,3,forecast
urea,2023,1,89.2667,3,actual
urea,2023,2,66.6667,3,actual
urea,2023,3,70.0333,3,actual
urea,2023,4,81.1,3,actual
urea,2024,1,74.0667,3,actual
urea,2024,2,71.1,3,actual
urea,2024,3,76.7,3,actual
urea,2024,4,75.9333,3,actual
urea,2025,1,89.6333,3,actual
urea,2025,2,88.9,3,actual
urea,2025,3,108.5333,3,actual
urea,2025,4,88.5333,3,actual
urea,2026,1,119.4667,3,actual
urea,2026,2,161.3,3,actual
urea,2026,3,133.0333,3,forecast
urea,2026,4,90.6667,3,forecast
water-eu,2023,1,100.3,3,actual
water-eu,2023,2,101.2,3,actual
water-eu,2023,3,102.1,3,actual
water-eu,2023,4,103.0,3,actual
water-eu,2024,1,104.0,3,actual
water-eu,2024,2,104.9,3,actual
water-eu,2024,3,105.8667,3,actual
water-eu,2024,4,106.8,3,actual
water-eu,2025,1,107.8,3,actual
water-eu,2025,2,108.7333,3,actual
water-eu,2025,3,109.7333,3,actual
water-eu,2025,4,110.7333,3,actual
water-eu,2026,1,111.7333,3,actual
water-eu,2026,2,109.2667,3,actual
water-eu,2026,3,112.7,3,forecast
water-eu,2026,4,112.7,3,forecast
wheat,2023,1,100.1667,3,actual
wheat,2023,2,93.1333,3,actual
wheat,2023,3,78.0333,3,actual
wheat,2023,4,68.9333,3,actual
wheat,2024,1,68.4333,3,actual
wheat,2024,2,66.7333,3,actual
wheat,2024,3,56.9667,3,actual
wheat,2024,4,59.2333,3,actual
wheat,2025,1,58.3667,3,actual
wheat,2025,2,56.7333,3,actual
wheat,2025,3,49.9667,3,actual
wheat,2025,4,51.2667,3,actual
wheat,2026,1,56.0333,3,actual
wheat,2026,2,67.1,3,actual
wheat,2026,3,61.3333,3,forecast
wheat,2026,4,49.8667,3,forecast
wood-pulp-na,2026,3,74.8,3,forecast
wood-pulp-na,2026,4,74.8,3,forecast
wti,2023,1,97.3667,3,actual
wti,2023,2,94.4,3,actual
wti,2023,3,105.3667,3,actual
wti,2023,4,100.3333,3,actual
wti,2024,1,99.2667,3,actual
wti,2024,2,104.6,3,actual
wti,2024,3,97.6,3,actual
wti,2024,4,90.5,3,actual
wti,2025,1,92.0,3,actual
wti,2025,2,82.7333,3,actual
wti,2025,3,84.1333,3,actual
wti,2025,4,76.3333,3,actual
wti,2026,1,92.1667,3,actual
wti,2026,2,122.8667,3,actual
wti,2026,3,87.0,3,forecast
wti,2026,4,77.4333,3,forecast
zinc,2023,1,94.7333,3,actual
zinc,2023,2,77.7667,3,actual
zinc,2023,3,74.9333,3,actual
zinc,2023,4,77.0,3,actual
zinc,2024,1,78.1667,3,actual
zinc,2024,2,89.0,3,actual
zinc,2024,3,85.8333,3,actual
zinc,2024,4,91.1,3,actual
zinc,2025,1,86.0667,3,actual
zinc,2025,2,80.0,3,actual
zinc,2025,3,85.5333,3,actual
zinc,2025,4,95.9667,3,actual
zinc,2026,1,98.1667,3,actual
zinc,2026,2,96.4,3,actual
zinc,2026,3,96.4,3,forecast
zinc,2026,4,96.4,3,forecast
zinc-gl,2026,3,104.92,3,forecast
zinc-gl,2026,4,104.92,3,forecast
